id,country,location,hotel_name
1,대만,타이베이,타이베이 라디움 카가야 인터내셔널 호텔
2,대만,타이베이,그랜드 하얏트 타이베이
3,대만,타이베이,샹그릴라 파 이스턴 플라자 호텔 타이베이
4,대만,타이베이,댄디 호텔 다안 파크 브랜치
5,대만,타이베이,초 호텔
6,대만,타이베이,워터 하우스
7,대만,타이베이,호텔 이스트 타이베이
8,대만,타이베이,풀 문 스파
9,대만,타이베이,홈 호텔 다안
10,대만,타이베이,로열 인 타이베이 난시 - MRT 중산 스테이션
11,대만,타이베이,호텔 릴랙스
12,호주,시드니,서 스탬퍼드 앳 서큘러퀴
13,호주,시드니,시타딘 커넥트 시드니 에어포트
14,호주,시드니,SKYE 스위트 시드니
15,호주,시드니,"피어 원 시드니 하버, 메리어트 오토그래프 컬렉션"
16,호주,시드니,라먼트 시드니 바이 랜스모어
17,호주,시드니,Apartment Hyde Park - Darling Harbour Day st 1
18,호주,시드니,"샹그릴라 호텔, 시드니"
19,베트남,다낭,살라 다낭 비치 호텔
20,베트남,다낭,힐튼 다낭
21,베트남,다낭,아 라 카르테 다 낭 비치
22,베트남,다낭,"사트야 호텔, 다낭"
23,베트남,다낭,나만 리트리트
24,베트남,다낭,빈펄 럭셔리 다 낭
25,베트남,다낭,빈펄 콘도텔 리버프런트 다낭
26,베트남,다낭,메르퀴르 다낭 프렌치 빌리지 바나 힐
27,베트남,다낭,빈펄 리조트 & 스파 다낭
28,베트남,다낭,아바타 다낭 (베트남)
29,베트남,다낭,푸라마 리조트 다낭
30,베트남,다낭,다낭 골든 베이
31,베트남,다낭,더 블러섬 리조트 - 온천 및 발 마사지 포함
32,베트남,다낭,하이안 비치 호텔 & 스파
33,베트남,다낭,에코 그린 부티크
34,베트남,다낭,미티사 호텔
35,베트남,다낭,벨 메종 파로산드 다 낭 호텔 - 매니지드 바이 H&K 호스피탈리티
36,베트남,다낭,서니 오션 호텔 & 스파
37,베트남,다낭,퓨전 스위트 다낭 - 반사요법 포함
38,베트남,다낭,파리스 델리 다낭 비치 호텔
39,베트남,다낭,다이아몬드 씨 호텔
40,베트남,다낭,사노우바 다낭 호텔
41,베트남,다낭,그랜드 오션 럭셔리 부티크
42,베트남,다낭,"타비노 호텔 다낭, 다낭"
43,베트남,다낭,소피아 부티크 호텔
44,베트남,다낭,호앙 린 단 호텔
45,베트남,다낭,다낭 페트로 호텔
46,베트남,다낭,소피아나 미케 호텔 & 스파
47,베트남,다낭,"존 부티크 빌라, 다낭"
48,베트남,다낭,리치코 아파트먼트 & 호텔
49,베트남,다낭,이비사 리버프런트 호텔
50,베트남,다낭,벨라 부티크 빌라
51,베트남,다낭,"서린 비치 호텔, 다낭"
52,베트남,다낭,로빈 호텔 다낭
53,베트남,다낭,"라이즈마운트 프리미어 리조트 다낭, 다낭"
54,베트남,다낭,오요 266 골든 게이트
55,베트남,다낭,로사미아 다낭 호텔
56,태국,푸켓,시크 콘도 카론
57,태국,푸켓,반얀트리 푸켓
58,태국,푸켓,르 메르디앙 푸켓 비치 리조트
59,태국,푸켓,홀리데이 인 익스프레스 푸켓 파통 비치 센터
60,태국,푸켓,카타타니 푸켓 비치 리조트
61,태국,푸켓,팔미라 파통 리조트
62,태국,푸켓,트윈팜 푸켓
63,태국,푸켓,"태국, 안다만트라 리조트 앤드 빌라 푸켓"
64,태국,푸켓,카사 블랑카 부티크 호텔
65,태국,푸켓,다이아몬드 클리프 리조트 & 스파
66,태국,푸켓,이비스 스타일스 푸켓 시티 호텔
67,태국,푸켓,시티 게이트 레지던스 리조트 앤드 메티컬 센터 푸켓
68,태국,푸켓,푸켓 메를린 호텔
69,태국,푸켓,"아비스타 그란데 푸켓 카론 - 엠갤러리, 카론"
70,태국,푸켓,임피아나 프라이빗 빌라스 카타 노이
71,태국,푸켓,"태국, 노보텔 푸켓 카말라 비치"
72,태국,푸켓,호텔 클로버 파통 푸켓
73,태국,푸켓,윈덤 그랜드 푸켓 칼림 베이
74,태국,푸켓,투 빌라스 홀리데이 오닉스 스타일 나이 한 비치
75,태국,푸켓,반 크래팅 푸켓 리조트
76,태국,푸켓,인터컨티넨탈 푸켓 리조트
77,태국,푸켓,리틀 라테 하우스
78,태국,푸켓,더 쇼어 앳 카타타니
79,태국,푸켓,나카 레지던스
80,태국,푸켓,"퍼시픽 클럽 리조트, 카론"
81,태국,푸켓,이비스 푸켓 파통 (태국)
82,태국,푸켓,더 에임 파통 호텔
83,태국,푸켓,로터스 호텔 파통
84,태국,푸켓,카타 블루 시 리조트
85,태국,푸켓,더 코쿤 파통
86,태국,푸켓,365 판와 빌라 리조트
87,태국,푸켓,나바타라 푸켓 리조트
88,태국,푸켓,윈덤 시 펄 리조트 푸켓
89,태국,푸켓,MIDA 그란데 리조트 푸켓
90,태국,푸켓,99 보야저 파통
91,태국,푸켓,프리덤
92,태국,푸켓,프루따 부티크 파통 비치
93,태국,푸켓,파통 맨션 호텔
94,태국,푸켓,시크릿 클리프 빌라
95,태국,푸켓,오요 451 삼란 리조트
96,태국,푸켓,알라만다 라구나 푸켓
97,싱가포르,싱가포르,칼튼 호텔 싱가포르
98,싱가포르,싱가포르,풀러턴 베이 호텔
99,싱가포르,싱가포르,원 파러 호텔
100,싱가포르,싱가포르,아마라 생츄어리 리조트 센토사
101,싱가포르,싱가포르,"만다린 오리엔탈, 싱가포르"
102,싱가포르,싱가포르,호텔 로얄 앳 퀸즈
103,싱가포르,싱가포르,호텔 보스
104,싱가포르,싱가포르,리조트 월드 센토사 - 호텔 마이클 (싱가포르)
105,싱가포르,싱가포르,오아시아 호텔 다운타운 싱가포르
106,싱가포르,싱가포르,스위소텔 스탬포드 싱가포르
107,싱가포르,싱가포르,"호텔 솔로하, 차이나타운에 위치"
108,싱가포르,싱가포르,포풀러스 호텔 @ 부기스
109,싱가포르,싱가포르,포시즌스 호텔 싱가포르
110,싱가포르,싱가포르,호텔 1888 컬렉션
111,싱가포르,싱가포르,요텔에어 싱가포르 창이 에어포트
112,싱가포르,싱가포르,빌리지 호텔 부기스 바이 파 이스트 호스피탈리티
113,싱가포르,싱가포르,더 리츠 칼튼 밀레니아 싱가포르
114,싱가포르,싱가포르,풀러턴 호텔 싱가포르
115,싱가포르,싱가포르,더 키 호텔 웨스트 코스트
116,싱가포르,싱가포르,베뉴 호텔 - 더 릴리
117,싱가포르,싱가포르,로이즈 인
118,싱가포르,싱가포르,챔피언 호텔 시티
119,싱가포르,싱가포르,호텔 81 차이나타운
120,싱가포르,싱가포르,젠 룸스 1515 (SG 클린)
121,싱가포르,싱가포르,오크우드 프리미어 AMTD 싱가포르
122,싱가포르,싱가포르,호텔 벤쿨렌 @ 벤쿨렌 스트리트
123,싱가포르,싱가포르,호텔 G 싱가포르
124,싱가포르,싱가포르,아르카디아 호텔
125,싱가포르,싱가포르,블리스 호텔 싱가포르
126,싱가포르,싱가포르,호텔 클로버 769 노스 브리지 로드
127,싱가포르,싱가포르,리조트 월드 센토사 - 에쿠아리우스 호텔
128,싱가포르,싱가포르,호텔 클래식 바이 베뉴
129,싱가포르,싱가포르,굿우드 파크 호텔
130,싱가포르,싱가포르,오차드 호텔 싱가포르
131,싱가포르,싱가포르,XY 호텔 부기스 바이 아사나 호텔 & 리조트
132,싱가포르,싱가포르,술탄
133,싱가포르,싱가포르,호텔 81 프리미어 스타
134,싱가포르,싱가포르,호텔 클로버 5 홍콩 스트릿
135,싱가포르,싱가포르,더 노블 호텔
136,싱가포르,싱가포르,밸류 호텔 톰슨
137,싱가포르,싱가포르,애스콧 오차드 싱가포르
138,싱가포르,싱가포르,그랜드 하얏트 싱가포르
139,싱가포르,싱가포르,YMCA @ 원 오차드
140,싱가포르,싱가포르,ST 시그너처 탄종 파가르
141,싱가포르,싱가포르,M 소셜 싱가포르
142,싱가포르,싱가포르,호텔 누베 엘리먼츠
143,싱가포르,싱가포르,"팬 퍼시픽 서비스드 스위츠 비치 로드, 싱가포르"
144,싱가포르,싱가포르,요텔 싱가포르 오차드 로드
145,싱가포르,싱가포르,ST 시그니처 잘란 비사르
146,싱가포르,싱가포르,호텔 81 (프리미어) 할리우드
147,싱가포르,싱가포르,호텔 81 창이
148,싱가포르,싱가포르,리프 푸난 싱가포르 바이 애스코트
149,싱가포르,싱가포르,만다린 오차드 싱가포르
150,싱가포르,싱가포르,더 그레이트 마드라스
151,싱가포르,싱가포르,아스포델 인 싱가포르
152,싱가포르,싱가포르,멧 어 스페이스 앳 아랍 스트리트
153,싱가포르,싱가포르,챔피언 호텔
154,싱가포르,싱가포르,로버슨 키 호텔
155,싱가포르,싱가포르,호텔 클로버 더 아트
156,태국,방콕,애드 립
157,태국,방콕,힐튼 수쿰윗 방콕
158,태국,방콕,더블 트리 바이 힐튼 수쿰윗 방콕
159,태국,방콕,유 사톤 방콕
160,태국,방콕,노보텔 방콕 플로엔치트 수쿰윗
161,태국,방콕,프라야 팔라조
162,태국,방콕,홀리데이 인 방콕 스쿰윗
163,태국,방콕,스테이브리지 스위트 방콕 통로
164,태국,방콕,한사 방콕 호텔
165,태국,방콕,아나자크 방콕 호텔
166,태국,방콕,아난타라 리버사이드 방콕 리조트
167,태국,방콕,만다린 호텔 매니지드 바이 센터 포인트
168,태국,방콕,미 호텔 스리나카린
169,태국,방콕,리바 아룬 방콕
170,태국,방콕,S31 스쿰윗 호텔
171,태국,방콕,머큐어 방콕 수쿰윗 24
172,태국,방콕,살라 라탄나코신
173,태국,방콕,"부티크 푸-야이 리, BP 플레이스"
174,태국,방콕,이스틴 그랜드 호텔 사톤
175,태국,방콕,볼브 호텔 방콕
176,태국,방콕,에브리 수라웡
177,태국,방콕,더 코티지 수와르나부미
178,태국,방콕,조쉬 호텔
179,태국,방콕,호텔 인디고 방콕 와이어리스 로드
180,태국,방콕,차트리움 레지던스 사톤
181,태국,방콕,앰배서더 방콕 호텔
182,태국,방콕,타이 판 호텔
183,태국,방콕,더 럭스 랏프라오 10
184,태국,방콕,칼튼 호텔 방콕 수쿰윗
185,태국,방콕,아바니+ 리버사이드 방콕 호텔
186,태국,방콕,호프 랜드 호텔 수쿰빗 46/1
187,태국,방콕,자스민 시티 호텔
188,태국,방콕,"샹그릴라 호텔, 방콕"
189,태국,크라비,블루소텔 스마트 끄라비 아오낭
190,태국,크라비,두짓D2 아오낭 크라비
191,태국,크라비,글로우 아오 낭 크라비
192,태국,크라비,베드 L 빌라
193,태국,크라비,아바니 아오 낭 클리프 크라비 리조트
194,태국,크라비,탑켁 크라비 부티크 리조트
195,태국,크라비,오요 1010 다이아몬드 홈 리조트
196,태국,크라비,안다만 브리즈 리조트
197,태국,크라비,더 푸 비치 호텔
198,태국,크라비,L 리조트
199,태국,크라비,Krabi Nature Beach Resort
200,태국,크라비,모노텔 아오낭
201,태국,크라비,스몰 리조트
202,태국,크라비,파카사이 리조트
203,태국,크라비,이비스 스타일스 크라비 아오낭
204,태국,크라비,오요 636 반수안 림남 리조트 끄라비 노이
205,태국,크라비,더 크라비 포레스트 홈스테이
206,태국,크라비,7 헤븐 레지던스 크라비
207,태국,크라비,오요 1046 노파라트 리조트
208,태국,크라비,알리사 호텔 아오낭
209,태국,크라비,오요 964 팜티엔 풀 빌라 아오낭
210,태국,크라비,KG 프라이빗 풀 빌라 소이 나인
211,태국,크라비,사이 루앙 리조트
212,태국,크라비,만다위 리조트 & 스파
213,태국,크라비,팰리스 아오낭 리조트
214,태국,크라비,메모리 플레이스
215,태국,크라비,아이레스트 아오 낭 씨프런트
216,태국,크라비,더 파노 호텔 & 레지던스
217,태국,크라비,와나롬 레지던스 호텔
218,베트남,호치민,업타운 호텔
219,베트남,호치민,인터컨티넨탈 사이공
220,베트남,호치민,쉐라톤 사이공 호텔 & 타워스
221,베트남,호치민,이비스 사이공 에어포트
222,베트남,호치민,더 미스트 동코이
223,베트남,호치민,르 메르디앙 사이공
224,베트남,호치민,카라벨 사이공
225,베트남,호치민,M 부티크 호텔
226,베트남,호치민,윈스위트 사이공
227,베트남,호치민,"GK 센트럴 호텔, 호치민"
228,베트남,호치민,알라곤 플러스 호텔 & 스파
229,베트남,호치민,젠스테이
230,베트남,호치민,오요 372 비 하 호텔
231,베트남,호치민,르네상스 리버사이드 호텔 사이공
232,베트남,호치민,Secc 호텔 2
233,베트남,호치민,MK 리버게이트 아파트먼트
234,베트남,호치민,CK 사이공 센트럴 호텔
235,베트남,호치민,라루나 사이공
236,베트남,호치민,라비스 18 레지던스
237,베트남,호치민,사이공시티 호텔 B
238,베트남,호치민,로얄 드래곤 부티크 호텔
239,베트남,호치민,스카이 젬 센트럴 호텔
240,베트남,호치민,밀레니엄 아파트먼트
241,베트남,호치민,밀레니엄 마스터리 아파트먼트
242,베트남,호치민,더 화이트 하우스
243,베트남,호치민,호아선 데 아트 랜드마크 81
244,베트남,호치민,C 센트럴 호텔
245,베트남,호치민,홈스테이 더 보이드
246,베트남,호치민,아하 부티크 벤 탄
247,베트남,호치민,노보텔 사이공 센터
248,베트남,호치민,나 누 호텔
249,베트남,호치민,깟 센트럴 호텔
250,베트남,호치민,로터스 센트럴 호텔
251,베트남,호치민,"베트남, 사이공 스파클 호텔"
252,베트남,호치민,파크로얄 사이공
253,베트남,호치민,더 알코브 라이브러리 호텔
254,베트남,호치민,리버 게이트 아파트먼트 사이공 HCMC
255,호주,멜버른,시타딘스 온 보르크 멜버른
256,호주,멜버른,웨스틴 멜버른
257,호주,멜버른,멜버른 메리어트 호텔
258,호주,멜버른,이비스 멜버른 센트럴
259,호주,멜버른,트래블로지 호텔 멜버른 사우스뱅크
260,호주,멜버른,노보텔 멜버른 센트럴
261,호주,멜버른,"오크스 멜버른 온 윌리엄 스위트, 멜버른"
262,호주,멜버른,쉐라톤 멜버른 호텔
263,호주,멜버른,시티 스퀘어 모텔
264,호주,멜버른,애로우 온 스펜서(하버뷰 아파트먼트 호텔)
265,호주,멜버른,"트래블로지 호텔 멜버른 독랜즈, 멜버른"
266,호주,멜버른,퀘스트 온 로즈데일
267,호주,멜버른,이비스 멜버른 호텔 & 아파트먼트
268,호주,멜버른,퀘스트 온 윌리엄
269,호주,멜버른,푼틸 노스뱅크
270,호주,멜버른,이매진 라이트하우스
271,호주,멜버른,이비스 버짓 멜버른 CBD
272,호주,멜버른,퀘스트 플레밍턴 센트랄
273,호주,멜버른,YTI 가든 호텔
274,호주,멜버른,자게임스 하우스
275,호주,멜버른,트레저리 온 콜린스 아파트먼트 호텔
276,호주,멜버른,오크스 멜버른 온 콜린스 호텔
277,호주,멜버른,"서머싯 온 엘리자베스, 멜버른"
278,호주,멜버른,오크스 멜버른 온 마켓 호텔
279,호주,멜버른,소피텔 멜버른 온 콜린스
280,호주,멜버른,푼트힐 맨해튼
281,호주,멜버른,파크 하얏트 멜버른
282,호주,멜버른,시티 센터 버짓 호텔
283,호주,멜버른,푸트힐 플린더스 레인
284,호주,멜버른,퀘스트 멜버른 에어포트
285,호주,멜버른,어라이즈 오스트레일리아 108
286,호주,멜버른,레디셋 온 스펜서
287,호주,멜버른,어라이즈 디 에미넌스
288,호주,멜버른,더 재즈 코너 호텔
289,호주,멜버른,푼트힐 리틀 버크
290,하와이,호놀룰루,가이아 하와이 앳 트럼프 와이키키 호텔
291,하와이,호놀룰루,하얏트 플레이스 와이키키 비치
292,하와이,호놀룰루,아웃리거 리프 와이키키 비치 리조트
293,하와이,호놀룰루,알라모아나 호텔
294,하와이,호놀룰루,로얄 그로브 와이키키
295,하와이,호놀룰루,호텔 리뉴
296,하와이,호놀룰루,에어포트 호누룰루 호텔
297,하와이,호놀룰루,알로힐라니 리조트 와이키키 비치
298,하와이,호놀룰루,파니올로 앳 더 에쿠스
299,하와이,호놀룰루,로터스 호놀룰루 앳 다이아몬드 헤드
300,하와이,호놀룰루,아웃리거 와이키키 비치 리조트
301,하와이,호놀룰루,아쿠아 오아시스
302,하와이,호놀룰루,와이키키 모나크 호텔
303,하와이,호놀룰루,알라모아나 호텔 바이 LSI 리조트
304,하와이,호놀룰루,트럼프 인터내셔널 호텔 와이키키
305,하와이,호놀룰루,파크 쇼어 와이키키
306,하와이,호놀룰루,아쿠아 팜스 와이키키
307,하와이,호놀룰루,아쿠아 스카이라인 앳 아일랜드 콜로니
308,하와이,호놀룰루,퍼시픽 모나크 호텔
309,하와이,호놀룰루,애스턴 와이키키 비치 호텔
310,베트남,나트랑,메이플 호텔 & 아파트먼트
311,베트남,나트랑,인터컨티넨탈 나트랑
312,베트남,나트랑,"베트남, 빈펄 리조트 & 스파 롱 비치 냐짱"
313,베트남,나트랑,디 아트 네스트 호텔 - 나트랑
314,베트남,나트랑,나바다 비치 호텔
315,베트남,나트랑,퀸 안 나트랑
316,베트남,나트랑,Eastin Grand Hotel Nha Trang
317,베트남,나트랑,노보텔 나트랑
318,베트남,나트랑,빈펄 럭셔리 나트랑
319,베트남,나트랑,네이비 호텔 캄란
320,베트남,나트랑,"베트남, 더 코스타 나트랑 레지던스"
321,베트남,나트랑,빈펄 리조트 & 스파 나트랑 베이
322,베트남,나트랑,V 호텔 나트랑
323,베트남,나트랑,오폭스 냐짱
324,베트남,나트랑,D쿠아 호텔 & 아파트먼트
325,베트남,나트랑,로터스 빌리지 나트랑
326,베트남,나트랑,베뉴 호텔
327,베트남,나트랑,아미아나 리조트 나트랑
328,베트남,나트랑,알라나 나트랑 비치 호텔
329,베트남,나트랑,빈펄 리조트 나트랑
330,베트남,나트랑,벤타나 나트랑 호텔
331,베트남,나트랑,디 아남
332,베트남,나트랑,에바손 아나 만다라 나트랑
333,베트남,나트랑,시타딘 베이프런트 나트랑
334,베트남,나트랑,르 모어 호텔
335,호주,시드니,홀리데이 인 달링 하버
336,호주,시드니,머큐어 시드니
337,호주,시드니,포시즌스 호텔 시드니
338,호주,시드니,노보텔 시드니 온 달링 하버
339,호주,시드니,소피텔 시드니 달링 하버
340,호주,시드니,오크스 시드니 골즈브로 스위트
341,호주,시드니,오볼로 울루물루
342,호주,시드니,"메리턴 스위트 켄트 스트리트, 시드니"
343,호주,시드니,소피텔 시드니 웬트워스
344,호주,시드니,"리지스 월드 스퀘어, 시드니"
345,호주,시드니,프레이저 스위트 시드니
346,호주,시드니,57 호텔
347,프랑스,파리,호텔 브리타니케
348,프랑스,파리,노보텔 파리 센터 베르시
349,프랑스,파리,호텔 뒤 트리앙글 도르
350,프랑스,파리,호텔 에펠 튀렌 (프랑스)
351,프랑스,파리,레이즈 에펠
352,프랑스,파리,레지드홈 파리 가레 드 리옹 - 재클린 드 로밀리
353,프랑스,파리,레지드홈 아파트 호텔 파리-오페라
354,프랑스,파리,호텔 갈릴레오
355,프랑스,파리,호텔 드 세비그네
356,프랑스,파리,호텔 파르티퀼리에 몽마르트르
357,프랑스,파리,오텔 리용 도르 루브르
358,이탈리아,베네치아,H10 팔라초 카노바
359,이탈리아,베네치아,바우어 팔라조
360,이탈리아,베네치아,베니체 마조르 콘실리오
361,이탈리아,베네치아,호텔 아르레치노
362,이탈리아,베네치아,"호텔 플라자 베니스, 메스트레"
363,이탈리아,베네치아,"호텔 안티체 피겨, 베네치아"
364,이탈리아,베네치아,메종 베네치아 | 우나 에스페리엔체
365,이탈리아,베네치아,벨몬드 호텔 치프리아니
366,이탈리아,베네치아,베니스 타임스 호텔
367,이탈리아,베네치아,"벨리니, 베네치아"
368,이탈리아,베네치아,"호텔 올림피아 베니스, BW 시그니처 콜렉션"
369,이탈리아,베네치아,알베르고 마린
370,이탈리아,베네치아,호텔 산 갈로
371,미국,뉴욕,밀레니엄 힐튼 뉴욕 다운타운
372,미국,뉴욕,알리즈 호텔 타임 스퀘어
373,미국,뉴욕,노모 소호
374,미국,뉴욕,더 벨베데레 호텔
375,미국,뉴욕,리릭 | 70 파인 NYC
376,미국,뉴욕,목시 NYC 타임즈 스퀘어
377,미국,뉴욕,아처 호텔 뉴욕
378,미국,뉴욕,알로 노매드
379,미국,뉴욕,3 웨스트 클럽
380,미국,뉴욕,라과디아 플라자 호텔
381,미국,뉴욕,홀리데이 인 뉴욕 시티 - 타임스 스퀘어
382,미국,뉴욕,호텔 세인트 제임스
383,이탈리아,밀라노,43 스테이션 호텔
384,이탈리아,밀라노,우나호텔 쿠사니 밀라노
385,이탈리아,밀라노,포 시즌즈 호텔 밀라노
386,이탈리아,밀라노,호텔 글램 밀라노
387,이탈리아,밀라노,우나호텔 센추리 밀라노
388,이탈리아,밀라노,스파이스 호텔 밀라노
389,이탈리아,밀라노,월드호텔 크리스토포로 콜롬보
390,이탈리아,밀라노,이탈리안웨이 - 몰리노 델레 아르미 15
391,이탈리아,밀라노,칼라일 브레라 호텔
392,이탈리아,밀라노,아이엘로 룸스 - 산 바빌라
393,이탈리아,로마,윙클러 스위트
394,이탈리아,로마,우나호텔 데코 로마
395,이탈리아,로마,베스트 웨스턴 프리미어 호텔 로열 산티나
396,이탈리아,로마,콜로세움 코너 (이탈리아)
397,이탈리아,로마,카노바 룸 인 스패니시 스텝스
398,이탈리아,로마,나폴레옹 호텔
399,이탈리아,로마,"팔라초 나이아디, 더 데디카 앤설러지, 오토그래프 콜렉션"
400,이탈리아,로마,나보나 씨어터 호텔
401,이탈리아,로마,"이탈리아, 마이 트레비 차밍 앤드 럭셔리 룸스"
402,이탈리아,로마,GA 홀리데이스 홈
403,이탈리아,로마,프린쳅스 보우티퀘 오텔
404,이탈리아,피렌체,그랜드 호텔 발리오니
405,이탈리아,피렌체,레오네 블루 스위트 | UNA 에스페리엔체
406,이탈리아,피렌체,호텔 두오모
407,이탈리아,피렌체,C-호텔 암바시아토리
408,이탈리아,피렌체,오르토 드 메디치 호텔
409,이탈리아,피렌체,호텔 체레타니 엠갤러리 컬렉션
410,이탈리아,피렌체,산 피렌체 스위트 & 스파
411,이탈리아,피렌체,호텔 라우루스 알 두오모
412,이탈리아,피렌체,에코 어반 B&B
413,이탈리아,피렌체,글랜스 호텔 인 플로렌스
414,이탈리아,피렌체,센트랄레 B&B
415,이탈리아,피렌체,더 마켓 어반 호텔
416,이탈리아,나폴리,호텔 산 피에트로
417,이탈리아,나폴리,우나호텔 나폴리
418,이탈리아,나폴리,이비스 스타일 나폴리 가리발디
419,이탈리아,나폴리,스타호텔 테르미누스
420,이탈리아,나폴리,그랜드 호텔 오리엔테
421,이탈리아,나폴리,호텔 마틸데 - 라이프스타일 호텔
422,이탈리아,나폴리,아르테미시아 도무스
423,이탈리아,나폴리,톨레도 호텔
424,이탈리아,나폴리,팔라초 살가르
425,프랑스,마르세유,레지드홈 마르세유 생 샤를
426,프랑스,마르세유,레시드호텔 비유 포르트
427,프랑스,마르세유,토요코 인 마르세유 생 샤를
428,프랑스,마르세유,키리야드 마르세유 프로방스 - 에어포트
429,프랑스,마르세유,베스트 웨스턴 플러스 호텔 라 졸리엣
430,프랑스,마르세유,알렉스 호텔
431,프랑스,마르세유,아파트시티 콩포르 라 쇼타 코트 포르
432,프랑스,마르세유,레지드홈 마르세유
433,프랑스,마르세유,이비스 마르세유 센터 갸르 생 샤를
434,프랑스,마르세유,B&B Hotel Marseille La Valentine
435,프랑스,마르세유,머큐어 마르세유 상트르 비외 포르
436,프랑스,마르세유,그랜드 호텔 보보 마르세유 뷰포르 - 엠갤러리
437,프랑스,마르세유,베스트 웨스턴 마르세유 부르스 비외 포르 바이 해피컬처
438,한국,제주도,호텔 난타 제주
439,한국,제주도,골드원 호텔 & 스위트
440,한국,제주도,롯데 호텔 제주
441,한국,제주도,라마다 제주시티홀
442,한국,제주도,해비치 리조트 제주
443,한국,제주도,제주 칼 호텔
444,한국,제주도,휘닉스 제주 섭지 코지
445,한국,제주도,휘슬락 호텔
446,한국,제주도,라마다 앙코르 제주 서귀포
447,한국,제주도,리코 리조트 (Rico Resort)
448,한국,제주도,풀빌라 소랑
449,한국,제주도,신라스테이 제주
450,한국,제주도,루체빌 리조트
451,한국,서울,롯데시티호텔 김포공항 (한국)
452,한국,서울,이비스 스타일 앰배서더 서울 용산 - 서울드래곤시티 호텔
453,한국,서울,안다즈 서울 강남
454,한국,서울,호텔 더 디자이너스 홍대
455,한국,서울,남대문 호텔앤스위트
456,한국,서울,신라스테이 광화문
457,한국,서울,그랜드 머큐어 앰배서더 호텔 앤드 레지던스 서울 용산
458,한국,서울,롯데시티호텔 구로
459,한국,서울,카라쉬 호텔 서울
460,한국,서울,몬드리안 서울 이태원(2020년 8월 오픈)
461,한국,서울,그랜드 인터컨티넨탈 서울 파르나스
462,한국,서울,더 스테이트 선유 호텔
463,한국,서울,오라카이 대학로호텔
464,한국,부산,신라스테이 해운대
465,한국,부산,호텔포레 프리미어 남포점
466,한국,부산,호텔 포레 부산역
467,한국,부산,라마다 앙코르 해운대
468,한국,부산,라피어 해운대 (구.송정마리나)
469,한국,부산,라발스호텔
470,한국,부산,코오롱 씨클라우드 호텔
471,한국,부산,베니키아 호텔 해운대
472,한국,부산,펠릭스 바이 에스티엑스
473,한국,부산,해운대 센텀 호텔
474,한국,부산,블루보트 게스트하우스 남포점 - 호스텔
475,한국,부산,크라운 하버 호텔 부산
476,한국,제주도,밸류호텔 월드와이드 서귀포 JS
477,한국,제주도,리코 리조트
478,한국,제주도,호텔케니스토리 제주연동
479,한국,제주도,골든튤립 제주 성산 호텔
480,한국,제주도,베니키아 호텔 제주
481,한국,제주도,해수 스파 코자 호텔
482,한국,제주도,오션스위츠 제주호텔
483,한국,제주도,호텔위드제주
484,한국,제주도,아이진호텔
485,한국,제주도,베스트 웨스턴 제주 호텔
486,한국,제주도,아트스테이 서귀포 하버
487,한국,제주도,호텔샬롬
488,한국,제주도,더 베스트 제주 성산 호텔
489,한국,제주도,호텔 윈 스카이
490,한국,제주도,해마을 펜션
491,한국,제주도,호텔 에어시티 제주
492,한국,제주도,유어스 호텔
493,한국,제주도,메종 글래드 제주
494,한국,제주도,엠스테이 호텔 제주
495,한국,제주도,하바나 리조트
496,한국,제주도,아비아호텔
497,한국,제주도,호텔 윈스토리
498,한국,제주도,라마다 플라자 제주 오션 프론트
499,한국,제주도,코업시티호텔 성산
500,한국,제주도,아리아 호텔
501,한국,제주도,제주도 하숙집 게스트하우스
502,한국,제주도,브라운 스위트 제주 호텔 앤 리조트
503,한국,제주도,썬라이즈 호텔 섭지코지점
504,한국,제주도,제주호텔더엠
505,한국,제주도,일레인 호텔
506,한국,제주도,오드리 인 제주
507,한국,제주도,제주브릭스 호텔
508,한국,제주도,엠버호텔 센트럴
509,한국,제주도,제주 코델리아 S 호텔
510,한국,제주도,아스타호텔
511,한국,제주도,런 호텔
512,한국,제주도,디아일랜드블루호텔
513,한국,제주도,브리즈베이 호텔
514,한국,제주도,삼다호스텔
515,한국,제주도,호텔 피노
516,한국,제주도,호텔52
517,한국,제주도,스타즈호텔 제주 로베로
518,한국,제주도,아로하호텔
519,한국,제주도,호텔 엠씨씨
520,한국,제주도,탐라스테이호텔제주
521,한국,제주도,호텔 레오
522,한국,제주도,호텔하나
523,한국,제주도,썬라이즈호텔 성산점
524,한국,제주도,플레이스 캠프 제주
525,한국,제주도,제주 노블레스 관광 호텔
526,한국,제주도,로긴 리조트
527,한국,부산,하운드 프리미어 남포
528,한국,부산,호텔 농심
529,한국,부산,베스트루이스해밀턴호텔 해운대
530,한국,부산,브라운도트 서면비즈니스
531,한국,부산,아벤트리 호텔 부산
532,한국,부산,라이온호텔
533,한국,부산,토요코인 부산해운대2
534,한국,부산,광안하운드호텔
535,한국,부산,베이 하운드 호텔
536,한국,부산,아스티호텔 부산역
537,한국,부산,부산 비즈니스 호텔
538,한국,부산,베스트 웨스턴 해운대 호텔
539,한국,부산,한화리조트 해운대
540,한국,부산,스탠포드인부산
541,한국,부산,센텀 프리미어 호텔
542,한국,부산,파크 하얏트 부산
543,한국,부산,라비드아틀란
544,한국,부산,호텔 일루아
545,한국,부산,호텔 더 그랑 남포(구 YTT호텔)
546,한국,부산,베스트 웨스턴 플러스 부산 송도
547,한국,부산,이비스 앰배서더 부산 해운대
548,한국,부산,부산 웨스틴조선호텔
549,한국,부산,베스트루이스해밀턴호텔광안점
550,한국,부산,브라운도트 호텔 남포충무점
551,한국,부산,호텔 아쿠아 펠리스
552,한국,부산,H 에비뉴 호텔 광안리
553,한국,부산,켄트 호텔 광안리 바이 켄싱턴
554,한국,부산,GNB 호텔
555,한국,부산,리베로 호텔
556,한국,부산,호텔라온
557,한국,부산,브라운도트 호텔 센텀점
558,한국,부산,경성여관
559,한국,부산,토요코인 부산역1
560,한국,부산,미포 오션사이드 호텔
561,한국,부산,선트리 호텔
562,한국,부산,브라운도트 서면1호점
563,한국,부산,이비스 앰배서더 부산 시티 센터
564,한국,부산,페어필드 바이 메리어트 부산
565,한국,부산,아르반호텔
566,한국,부산,롯데 호텔 부산
567,한국,부산,솔라리아 니시테츠 호텔 부산
568,한국,부산,MS 호텔
569,한국,부산,부산 비치 호텔 부산 송도
570,한국,부산,호텔 파라곤
571,한국,부산,JB 디자인 호텔
572,한국,부산,호텔 109
573,한국,부산,페어필드 바이 메리어트 부산 송도 비치
574,한국,부산,호텔 인트로
575,대만,타이베이,수즈 & 카토즈 호텔
576,대만,타이베이,암바 타이베이 시먼딩
577,대만,타이베이,이스트 드래곤 호텔
578,대만,타이베이,호텔 아틱
579,홍콩,침사추이,호텔 아이콘
580,홍콩,침사추이,뉴 월드 밀레니엄 홍콩 호텔
581,홍콩,침사추이,"프린스, 마르코 폴로 호텔"
582,홍콩,침사추이,리갈 카오룽 호텔
583,홍콩,침사추이,오아시스 애비뉴 ? A GDH 호텔
584,홍콩,침사추이,"카오룽 샹그릴라, 홍콩"
585,홍콩,침사추이,더 미라 홍콩 호텔
586,홍콩,침사추이,버터플라이 온 프라트 부티크 호텔 침사추이
587,홍콩,침사추이,홀리데이 인 골든 마일
588,중국,상하이,센트럴 호텔 상하이
589,중국,상하이,포트만 리츠칼튼
590,중국,상하이,"르 메르디앙 상하이, 민항"
591,중국,상하이,그랜드 하얏트 상하이
592,중국,상하이,노보텔 상하이 아틀란티스
593,중국,상하이,코트야드 바이 메리어트 상하이 창펑 파크
594,중국,상하이,더 상하이 에디션
595,중국,상하이,푸동 샹그릴라 이스트 상하이
596,중국,상하이,오리엔탈 리버사이드 호텔 - 상하이 인터내셔널 컨벤션 센터
597,중국,상하이,르 로열 메르디앙 상하이
598,중국,상하이,스위소텔 그랜드 상하이
599,중국,상하이,소피텔 상하이 하이랜드
600,중국,베이징,징산 가든 호텔
601,중국,베이징,"베이 자오롱 호텔, 아 주아 드 비브르 호텔"
602,중국,베이징,르네상스 베이징 캐피털 호텔
603,중국,베이징,파크 플라자 베이징 왕푸징
604,중국,베이징,베이징 호텔 누오 포비든 시티
605,중국,베이징,웬진 호텔
606,중국,베이징,더 리츠 칼튼 베이징 (중국)
607,중국,베이징,세인트 레지스 베이징
608,중국,베이징,노보텔 베이징 피스
609,중국,베이징,뉴 월드 베이징 호텔
610,중국,베이징,스위소텔 베이징 홍콩 마카오 센터
611,중국,베이징,선월드 다이너스티 호텔 베이징 왕푸징
612,한국,세종,에이치(H)호텔세종시티
613,한국,세종,세종시티 오송호텔
614,한국,종로,호텔 쿠레타케소 서울 인사동
615,한국,종로,나인트리 프리미어 호텔 인사동
616,한국,종로,이비스 앰배서더 서울 인사동
617,한국,종로,호텔 리안
618,한국,종로,더안호스텔
619,한국,종로,서머셋 팰리스 서울
620,한국,종로,"한국, 디세븐 스위츠"
621,한국,종로,나포레 호텔
622,한국,종로,통통 쁘띠호텔
623,한국,종로,호텔 아트리움
624,한국,종로,호텔 아벤트리 종로
625,한국,종로,호텔 스카이파크 킹스타운 동대문점
626,한국,종로,그리드인
627,한국,종로,호텔 더 디자이너스 종로
628,한국,종로,서울달빛 동대문 게스트하우스
629,한국,종로,메이커스호텔
630,한국,종로,바티카 호텔 동대문
631,한국,종로,호텔큐비 동대문
632,한국,종로,서울앤호텔 동대문
633,한국,종로,센트럴 투어리스트 호텔
634,한국,종로,인사동 R 게스트하우스 - 호스텔
635,한국,종로,스타호스텔 서울 동대문
636,한국,종로,메이플레이스 서울 동대문
637,한국,종로,호텔 가온
638,한국,종로,호텔 스타 더 마스터피스 스위트
639,한국,종로,호스텔 코리아 11th 창덕궁
640,한국,종로,호텔 컬리넌 종로
641,한국,종로,호텔 그림 종로 인사동
642,한국,종로,호텔 비즈 종로 인사동
643,한국,종로,HAH 게스트하우스
644,한국,종로,목시 서울 인사동
645,한국,종로,몽호텔
646,한국,종로,호텔 다다
647,한국,종로,E7 플레이스 동대문
648,한국,종로,노블 호텔
649,,,서머셋제주신화월드
650,,,제주 오리엔탈호텔 카지노
651,,,중문스테이 호텔
652,,,한화리조트 제주
653,,,제주 플라야
654,한국,여수,소노캄 여수(구 엠블호텔 여수)
655,한국,여수,유탑 마리나 호텔 & 리조트
656,한국,여수,설렘 펜션
657,한국,여수,오션힐호텔
658,한국,여수,호텔 헤이븐
659,한국,여수,히든 베이 호텔
660,한국,여수,베니키아 호텔 여수
661,한국,여수,더 호텔 수
662,한국,여수,다락휴 여수 캡슐호텔 by 워커힐
663,한국,여수,K-그랜드호스텔 여수
664,한국,여수,씨스타호스텔 여수
665,한국,여수,비앤비치 호텔
666,한국,여수,여수스테이호텔
667,한국,여수,엠 오르트 호텔
668,한국,여수,디오션호텔
669,한국,여수,여수 베네치아 호텔 & 리조트
670,한국,여수,여수 썬힐스파펜션
671,한국,여수,호텔 더원 여수
672,한국,여수,디오션리조트
673,한국,여수,한옥호텔 오동재
674,한국,여수,라테라스 코브 스위트
675,한국,여수,여수 호텔 앙코르
676,한국,여수,폴로니아 호스텔&게스트하우스
677,한국,여수,꿀잠호텔
678,한국,여수,유캐슬 호텔
679,한국,여수,마린베이호텔
680,한국,여수,해들채 펜션
681,한국,여수,라테라스 부티크 리조트 & 스파
682,한국,여수,DS 호텔
683,한국,여수,여수 해비치호텔
684,한국,여수,리움스파호스텔
685,한국,여수,여수야호스텔펜션
686,한국,여수,오동도 호텔
687,한국,여수,나르샤관광호텔
688,한국,여수,온다도로 호스텔
689,한국,여수,엠제이투어호스텔
690,한국,여수,골드 비치 리조트
691,한국,여수,여수 굿모닝펜션
692,한국,여수,웨스트인호텔
693,한국,여수,나폴리펜션
694,한국,여수,파라다이스 스파 호스텔
695,한국,여수,나비잠 모텔
696,한국,여수,24 게스트하우스 여수
697,한국,여수,여수 케이블카펜션
698,한국,여수,썸 무인텔
699,한국,여수,샹보르 호텔 (한국)
700,한국,여수,디아크리조트
701,한국,여수,쉘스톤 여수
702,한국,여수,여수블루밍펜션
703,한국,여수,백패커스 인 여수 - 호스텔
704,한국,속초,속초 라마다호텔
705,한국,속초,씨 크루즈 호텔
706,한국,속초,그린라군 호텔 인 설악
707,한국,속초,롯데리조트속초
708,한국,속초,켄싱턴 호텔 설악
709,한국,속초,디그니티 호텔
710,한국,속초,더앤리조트 호텔&스파
711,한국,속초,호텔 마레몬스
712,한국,속초,이엘 호텔
713,한국,속초,한화리조트 설악 쏘라노
714,한국,속초,속초시 속초휘테
715,한국,속초,하루 호텔 & 게스트하우스 - 호스텔
716,한국,속초,쏠비치 양양
717,한국,속초,투와이호텔
718,한국,속초,낙산 비치 호텔
719,한국,속초,썬라이즈 호텔
720,한국,속초,속초 바다향기 펜션
721,한국,속초,더마크 속초 레지던스
722,한국,속초,클래스 300 호텔
723,한국,속초,호텔 아마란스
724,한국,속초,현대 수 리조트 속초
725,한국,속초,더하우스 호스텔
726,한국,속초,속초 마리나베이 호텔
727,한국,속초,카사 설악 베드 앤드 브렉퍼스트
728,한국,속초,월드스테이트
729,한국,속초,지오리조트
730,한국,속초,팜파스 리조트
731,한국,속초,대청리조텔
732,한국,속초,씨 스테이 호텔
733,한국,속초,더 블루마크 호텔 속초
734,한국,속초,더 낙산 호텔
735,한국,속초,속초 엔게스트하우스
736,한국,속초,더클래스300 콘도
737,한국,속초,스위트호텔 낙산
738,한국,속초,미아모르모텔
739,한국,속초,속초 블루테라펜션
740,한국,속초,러브스토리
741,한국,속초,베니키아 호텔 산과바다 대포항
742,한국,속초,오색그린야드호텔
743,한국,속초,파인비치콘도텔
744,한국,속초,HJ 하우스
745,한국,속초,설악산 파크 리조트
746,한국,속초,엘마콘도텔
747,한국,속초,다로산 펜션
748,한국,속초,베니키아 호텔 산과바다 속초
749,한국,속초,척산온천 휴양촌
750,한국,속초,금호 설악 리조트
751,한국,속초,제임스 블루 게스트하우스 - 호스텔
752,한국,속초,호텔 웨이브
753,한국,속초,속초 마린펜션
754,한국,전주,라마다 전주
755,한국,전주,로니호텔
756,한국,전주,사랑가득
757,한국,전주,호텔 다빈
758,한국,전주,왕의지밀
759,한국,전주,아름다운집 한옥스테이
760,한국,전주,"더클래식호텔, 전주"
761,한국,전주,삼락헌
762,한국,전주,라온한옥꿀잠
763,한국,전주,경기전 별당채
764,한국,전주,홍란미덕
765,한국,전주,예원당
766,한국,전주,카마호텔
767,한국,전주,전주 관광 호텔
768,한국,전주,전주한옥마을 사랑나무
769,한국,전주,한옥이 예쁜집
770,한국,전주,N 브릿지 호텔
771,한국,전주,전주 투나잇
772,한국,전주,사랑루
773,한국,전주,교동살래
774,한국,전주,모란
775,한국,전주,호텔 솔
776,한국,전주,전주한옥숙박체험관
777,한국,전주,위너 호텔
778,한국,전주,행복가득 게스트하우스
779,한국,전주,한옥호텔 노리잠
780,한국,전주,전주라임호텔
781,한국,전주,한옥호텔 동락원
782,한국,전주,소리풍경
783,한국,전주,전주 마리호텔 공원점
784,한국,전주,호텔 K
785,한국,전주,성심
786,한국,전주,라한호텔 전주
787,한국,전주,전주 호텔 바라한
788,한국,전주,오페라21호텔
789,한국,전주,"JS 관광호텔, 전주"
790,한국,전주,백희 게스트하우스
791,한국,전주,전주 한옥마을 하늘애
792,한국,전주,전주 한옥마을 귀거래사
793,한국,전주,이가한옥
794,한국,전주,한옥호텔 궁
795,한국,전주,더머뭄
796,한국,전주,가은채2
797,한국,전주,가은채
798,한국,전주,한옥혜윰
