,호텔이름,평점,후기
0,호텔 난타 제주,10.0,깨끗하고 넓은 숙소입니다 가성비 좋습니다
1,호텔 난타 제주,6.0,위치적으로 좋아서 예약하긴 했는데 만족도는 크지 않아요. 관리가 아주 잘되는 호텔같지는 않아요.. 조식도 가격대비 그냥 그랬구요. 직원분들은 친절하셨습니다.
2,호텔 난타 제주,10.0,방이 깨끗하고 넓어서 편안하게 쉬었습니다. 주변 공기도 깨끗하고 샤워시 물이 너무 좋아 다시가보고 쉽습니다.
3,호텔 난타 제주,10.0,"남자친구와 늦은 시간 체크인 했는데, 3층에 조용한 방으로 배정해주셔서 정말 푹 잘 쉬었어요. 방도 너무 깔끔하고, 조용하고, 또 마지막 밤이었는데 정말 고요해서 잘 쉬었어요~! 산 속에 있어서 푹 자기에는 너무좋은 곳인 것 같아요~^^ 감사히 잘 있다가 갑니다!"
4,호텔 난타 제주,8.0,위치가 시내하고떨어져서 식사나 이동이 불편하지만 그점만 빼면 룸컨디션도 좋네요
5,호텔 난타 제주,8.0,매트리스 엄청 편해요~로비가 썰렁해서 그렇지 위생상태도 좋구 가성비 굿이에요^^
6,호텔 난타 제주,10.0,"룸컨디션, 위치, 뷰 다만족합니다. 산책로 조경도 잘 되어있어서 아침마다 기분좋게 산책했네요. 가족들이랑 편하게 보냈어요!!"
7,호텔 난타 제주,8.0,깨끗하고 공항과도 가깝고 다 만족합니다~
8,호텔 난타 제주,8.0,조용합니다 깨끗합니다 공항에서 멀지 않으면서도 한적한 곳을 찾아서 선택한 것이기에 괜찮았습니다
9,호텔 난타 제주,10.0,너무 좋아요~
10,호텔 난타 제주,10.0,직원들 모두 너무나 친절하고 시설이 깨끗해서 좋왔습니다.
11,호텔 난타 제주,10.0,"3.5성급 호텔이라는데 4,5성급 으로 느껴질 만큼 체계적인 느낌이었습니다. 조용했고 위생상태 좋았고, 직원분들 서비스는 따뜻하다 정도는 아니었지만 친절하고자 노력하시는것 같았습니다. 조식 맛있었고 제주시와 나름 가까워서 편했습니다."
12,호텔 난타 제주,8.0,시내에서 차로 20분 거리임에도 한적한 산등성이 자락에 위치한 점이 좋았어요. 룸컨디션도 깔끔했구요. 다시 방문하고 싶은 곳이었어요. 하지만 조식은 가성비나 퀄리티 면에서 수준미달이라고 생각합니다. 가까운 맛집을 이용하세요.
13,호텔 난타 제주,10.0,침구류가 대박입니다.포근하게 감싸주는 침구류가 너무 좋습니다 전 2019년12월 방문 후 재방문이었습니다. 가족끼리 여행에 가성비 최고로 완전 추천합니다
14,호텔 난타 제주,10.0,"우선 체크인시의 프런트직원의 몸에베인 철저한 서비스에 기분이 상쾌해짐을 맛보는 닌타이다. 특히 가성비높은 객실상태도 맘에든다. 하나 아쉬운것은 위치가 시내서 떨어진점 감안,난타라는 극장운영감안. 공항까지 셔틀버스운행이 아쉽다."
15,호텔 난타 제주,8.0,1층 편의점에서 구매해야함 방은 쾌적하고 좋았음
16,호텔 난타 제주,6.0,"출장으로 간거라~ 업무상 가까운곳으로 선택했는데 친절하고 위치도 너무 좋았습니다. 방도 깨끗하게 치워져 있었는데 아쉬운건 금연룸이였는데 퀘퀘한 냄새가 났는데 담배향이 배인것 같습니다. 예전에는 흡연방이 아니였을까 생각됩니다. 조식은 코로나때문에 뷔페식이 아니고, 요청할 경우, 룸서비스로 가져다주시는데 넘 편했습니다. 맛은 SOSO 하네요 가성비는 좋고~ 공기좋고 한라산 가까이 있어서 조용합니다. 다만 출장말고 연인과 오기에는 선택하지 않을것 같네요"
17,호텔 난타 제주,10.0,가성비좋았어요!!!!
18,호텔 난타 제주,8.0,가성비 좋고
19,호텔 난타 제주,10.0,언제나 깨끗하고 안락한 호텔입니다
20,호텔 난타 제주,10.0,저렴한 편 이지만 상태가 좋았습니다
21,호텔 난타 제주,8.0,가성비따지면 최고의 숙소에요
22,호텔 난타 제주,8.0,지난 겨울이후 두번째 숙박이었어요 가성비로써는 정말 좋아요^^ 근처에 편의시설이 없는거랑 침대 매트리스가 망가졌는지 뒤척일때 마다 띠링~하고 스프링이 몇개씩 튀는게 느껴졌지만 깨끗하고 조용하고 가격착하니 감안할수 있는 부분이었어요~현재는 코로나로 인해 조식 부페는 안하고 한상차림으로 조식이용가능해요^^
23,호텔 난타 제주,10.0,아주 만족합니다
24,호텔 난타 제주,10.0,"두 번째 간 곳인데, 가격 대비 최고! 꼭 가격이 아니더라도 모든 면에서 대만족!"
25,호텔 난타 제주,10.0,만족스러웠습니다~
26,호텔 난타 제주,10.0,숙소 깨끗 안락하고 좋았어요 그런데 수압이 약했어요ㅠ 조식도 좋았어요 전망도 좋았고 주변 산책길도 예뻐요 또 묵고싶어요
27,호텔 난타 제주,10.0,자연환경이 좋은 숲 속에 자리잡고 있어서 전체적으로 매우 쾌적하고 좋았고 위치도 이동하기에 불편함이 없이 아주 좋았습니다. 객실 또한 전체적으로 청결함을 유지하고 있었고 직원들이 친절했습니다.
28,호텔 난타 제주,10.0,하필 장마에 제주를 찾아서 비를 흠뻑 맞았는데 객실이 뽀송해서 기분 좋았어요. 로비도 넓고 객실도 넓고 비 오는 날에도 모든게 깔끔해서 대만족. 다만 위치가 상당히 외진곳이라 우리는 넘 조용하고 좋았는데 북적이는거 좋아하는 사람은 별로일 듯. 편의점도 자정 까지 운영해서 불편한거 없었어요.
29,호텔 난타 제주,10.0,작년에 이어 두 번째 숙박이었는데 여전히 깔끔하고 좋았습니다. 고즈넉하고 공기 좋고 제주 갈 때마다 생각나는 호텔입니다.
30,호텔 난타 제주,10.0,무엇보다..깨끗하고 조용해서 좋았어요~
31,호텔 난타 제주,10.0,전망과 뷰가 너무 좋고 난이와 탄이 강아지가 너무 귀여워요
32,호텔 난타 제주,10.0,방이 매우 넓고 주변이 조용함!
33,호텔 난타 제주,6.0,"가성비 괜찮은 호텔이긴하지만, 즐길거리가 전혀없어요. 별빛누리공원이 코로나19여파로 폐장이라 더우기.. 깔끔한 객실은 좋아요"
34,호텔 난타 제주,10.0,전체적으로 좋았어요 첫째 날에 커피 포트 사용시 뚜껑을 열다가 물이 튀었는데 목 쪽에 약간의 화상을 입었습니다 그리고 첫째 날 3인실에 들어갔는데 2인 세팅이었는데 연락하자니 이미 옷을 프리하게 갈아 입은 상태라 그냥 있었네요 그럼에도 숙면할 수 있어서 좋았고 주변 환경도 좋아서 다시 묵을 생각 있습니다
35,호텔 난타 제주,8.0,코로나로 인해 시설 사용이 어려운 것 말고는 큰 불편 사항 없었습니다. 한라산이 가까워서 등산 전에 숙박하기 좋았어요
36,호텔 난타 제주,8.0,공기 좋음 조용함 좋음 룸컨디션 좋음 놀멍 쉬멍 하기에는 딱 좋음 이런곳에 사우나가 없는것이 흠이라면 흠 호텔에 개 두 마리 있는데 큼 애절하게 처다봄 소세지라도 늦은밤 체크인 시 직원이 한명있는데 좀 무서움
37,호텔 난타 제주,10.0,깔끔하고 쾌적한 환경에 아주 만족했습니다. 일정상 하루만 묵었는데 하루더 있고 싶었습니다.
38,호텔 난타 제주,8.0,가성비가 좋네요 조식 신청을 안하고 방문했다면 다만 인근에 식당 찾기가 힘드네요.. 근처 대학가 근처에서 테이크아웃으로 사다 먹었네요
39,호텔 난타 제주,6.0,창문이 열수없는 유리벽. 처음 입실할때 방안에 소독약냄새가 머물러잇어서 답답함. 환기시스템으로 환기시킴. 시간이 지나면서 냄새가 없어진것 같음.
40,호텔 난타 제주,10.0,"엄마랑 둘이서 여행을 가기위해서 숙소를 잡았습니다. 일단은 숙소가 깔끔했고, 매일매일 방을 새방처럼 메이크업해주셔서 너무 좋았어요. 어매니티나 수건도 알아서 보충해주셔서 편했습니다. 그리고 1층에는 편의점이있어 멀리가서 다른거 사올필요없이 편리하게 이용했습니다."
41,호텔 난타 제주,8.0,주변에 산책로도 있고 조용히 있다 왔습니다. 파티나 사람 많은거 좋아하시는 분들에게는 안맞을수도 있습니다
42,호텔 난타 제주,10.0,숙소가 깔끔하고 넓어서 쾌적했습니다^^
43,호텔 난타 제주,6.0,호텔방에서 바라본 한라산은 멋있고좋았지만 침대가 별로 불편했네요. 잠자리가 불편하것 빼고는 대체로 괜찮았네요
44,호텔 난타 제주,10.0,한라산 등반을 위해 묵었어요! 성판악 가실때 편하실거예요 어매니티는 칫솔치약은 없어용 주변에 나무가많고 조용합니다 또 여기묵자고 얘기했습니다!! 만족해요
45,호텔 난타 제주,10.0,한라산 성판악 코스 등반하기 좋은곳에 위치함 시설도 훌륭하고 조용하게 휴식하기에 딱 좋은곳임
46,호텔 난타 제주,6.0,위치는 좋으나 호텔 상태는 그닥이네요
47,호텔 난타 제주,10.0,한적한 곳에 있어 힐링하기 좋습니다 난이와탄이 강아지?가 있습니다
48,호텔 난타 제주,8.0,조용하고 깔끔한 침구...
49,호텔 난타 제주,6.0,자고 일어나니 허리가 아프네요 침대가 별로입니다
50,롯데 호텔 제주,8.0,좋았습니다
51,롯데 호텔 제주,10.0,위치나 룸컨디션 서비스 매우 만족했고 가족단위 제주도 여행에는 최고의 호텔입니다
52,롯데 호텔 제주,10.0,늘 신라만방문했었고 5년만의방문이었는데 룸과 조식뷔페도 리모델링해서 정말 만족했어요 비수기때더많은룸을 리모델링하신다던데 이왕이면욕실까지리모델링해주시면 좋을것같아요 리모델링된깨끗한룸에서 친절하신직원분들 케어받으면서 휴가잘보냈어요 감사합니다
53,롯데 호텔 제주,10.0,정말 좋았습니다. 방도 좋았고 서비스도 친절했어요
54,롯데 호텔 제주,10.0,코로나임에도 불구하고 투숙객이 많았습니다. 오전에 조식줄이 길어 한참을 기다린것만 빼고는 두말할 나위없이 좋았네요
55,롯데 호텔 제주,8.0,차량 도착후 발레파킹으로 주차를 해야할 정도로 너무 많은 손님들로 붐벼서 대기표로 기다렸다 체크인이 되고 그래도 객실은 안정적이고 깨끗한 분위기라 다행입니다. 아침 조식도 그많은 사람을 준비해서 바로 가능하도록 노력한 모습은 인상적이었습니다.
56,롯데 호텔 제주,6.0,아침조식이 조금 성의업네요
57,롯데 호텔 제주,10.0,무조건 롯데
58,롯데 호텔 제주,8.0,화장실이 좀 노후 되서 (특히 욕조쪽 벽면이.. 찝찝해서 사용안했습니다) 아쉬웠지만 직원분들이 모두 너무 친절하시고 좋았습니다~
59,롯데 호텔 제주,10.0,너무나 훌륭한 호텔에서 푹 쉬다가 왔네요. 부모님들도 만족해 하십니다.
60,롯데 호텔 제주,10.0,처음 들어올때부터 나갈때까지 호텔내에 모든 직원 분들이 너무 친절하셔서 기분좋게 있다 갑니다~
61,롯데 호텔 제주,10.0,"깨끗한객실 친절한 응대, 맛있는조식, 저녁 공연까지 만족합니다."
62,롯데 호텔 제주,10.0,직원들 친절함은 정말 최고구요. 음식도 대체적으로 맛있었어요. 다만 약간 화장실 바닥이 미끄러워서 수건 바닥에 깔고 이용했네요
63,롯데 호텔 제주,10.0,너무 좋았습니다.
64,롯데 호텔 제주,10.0,역시 롯데에요 가족들 모두 만족했어요
65,롯데 호텔 제주,10.0,"롯데호텔 숙박 내내 비가 오락가락하고 바람이 많이 불어 추었으나 따뜻한 수영장에서 아이가 오래오래 신나게 놀며 좋아했습니다. 마지막날에는 ""나 여기서 영원히 살래!!!"" 하며 너무 좋아하더라구요. 새로 오픈한 조식당도 넘 좋았고 도와주신 직원분들도 모두 친절하였습니다. 덕분에 즐거운 휴가 보내고 갑니다."
66,롯데 호텔 제주,10.0,"제주롯데는 처음이었는데 호텔컨디션이며, 서비스또한 만족스럽습니다"
67,롯데 호텔 제주,10.0,
68,롯데 호텔 제주,6.0,"롯덴 실내 올드한 느낌 좀 어떻게 안되는건지...ㅜ 테라스, 수영장 좋고, 중문해수욕장 산책하기 좋음. 조식 무난. 휴가철이라 그런지 체크인하는데 시간 무지하게 오래 걸렸고 욕실 수압, 물온도변화 때문에 씻을때 좀 불편, 룸서비스 메뉴 너무 적고 콰트로치즈피자였나? 그건 진짜 몇천원짜리 전자렌지피자보다 못해서 헛웃음나옴."
69,롯데 호텔 제주,8.0,침대도 편안하고 객실도 넓고 좋았어요 단점은 욕실에 머리카락이 한가닥 있었고 공사중이어서
70,롯데 호텔 제주,10.0,즐거운 여행 감사합니다.
71,롯데 호텔 제주,10.0,"직원분들 매우 친절했고, 숙소도 매우 깨끗해서 좋았습니다. 역시 롯데구나 하는 감탄사^^"
72,롯데 호텔 제주,10.0,"제주 갈 때마다 항상 들리는 곳 이예요. 해온풀 때문에 갑니다 ^^ 신랑도 너무 좋아하고 친정식구들 시부모님들 다 제주여행 중 가장 만족해하시는 장소이자 호텔. 나중에 아이낳고도 갈게요 방도 수영장도 신라보다 넓어서 자꾸 롯데만 오게 되네요. 풍차라운지보다 페닌슐라 라운지가 더 좋았어요. 이번여행은 페닌슐라 덕분에 더 만족 스럽네요. 해온풀도 밤 11시까지라 관광 하고 저녁식사 후 페닌슐라 다녀오고도 가서 스파를 1-2시간 할 수 있어서 너무 좋아요. 다음엔 신라 가볼계획이지만 여기 먼저 다녀오셔도 좋을 것 같아요 올 때 마다 서비스, 시설, 청결도 너무 좋아요 ^^"
73,롯데 호텔 제주,10.0,"장점 : 직원분들 친절했습니다. 입지가 좋고 시설은 좋아요 밥도 맛나요, 수영장 저녁 쇼가 좋았습니다. 아이가 있다면 좋습니다. 단점 : 수영장 물이 더러워요. 공사중이라 가든뷰는 별로.."
74,롯데 호텔 제주,10.0,"수영장, 더 캔버스 좋아요!"
75,롯데 호텔 제주,10.0,"직원들이 너무 친절하였고, 시설도 잘 정돈되어있었습니다. 특히나 수영장이 너무 좋았습니다. 온수풀이어서 날씨가 추워도 계속 이용할수있었습니다"
76,롯데 호텔 제주,8.0,오래되어서 낡은건 분명 있으나 그래도 관리가 잘 되어 있음 직원분들 매우 친절하심 위치가 매우 좋음 수영장이 매우 좋음
77,롯데 호텔 제주,10.0,가족여행에 최고 온수풀이라 어린아기와 수영하기도 너무좋아요
78,롯데 호텔 제주,10.0,모든 면에서 좋습니다.
79,롯데 호텔 제주,8.0,온수풀이어서 비가 내리는데도 재미나게 놀수있었어요
80,롯데 호텔 제주,8.0,"업그레이드 감사합니다. 여러번 가니 바닥이 카펫이라 나무가 좋은데 가려워서 아쉽, 수영장도 계속 가니 이제는 작아 보이네요. 그래도 제주는 롯데호텔 이죠. 뷔폐 레스토랑이 디자인이 길게 생겨서 음식 쵸이스 동선이 넘 길어요. 음식은 디너 조식 다 맛나염 ㅎㅎ"
81,롯데 호텔 제주,10.0,완젼 호캉스를 즐기러 주말에 호텔 셔틀로 픽업과드압모두 완젼 만족했습니다. 체크인도 도착하자마자12시반에 해서 더 캔버스에서 런치먹고 조금쉬고 수영장으로 고고~~~저녁에 콘서트보며 자쿠지에서 몸도 풀고 수다도 떨고 수영하며 놀다 밤에 9시경 밖으로 나가 빙수먹고 푹 쉬고다음날체크아웃도 레이트로 해주셔서 여유있게 조식후 정원 산책하고 나와서 근처 중문단지에서 관광하고 천제염폭포가 특히 좋았구요 4시예약한 셔틀타고 곤항으로 고고~~~행복하게 호캉스 잘즐겼어요
82,롯데 호텔 제주,10.0,"깨끗하구 좋았습니다,"
83,롯데 호텔 제주,10.0,호텔 직원분들의 배려심과 친절함에 감동을 받았고 룸 컨디션도 깨끗하였습니다.
84,롯데 호텔 제주,10.0,
85,롯데 호텔 제주,10.0,룸 컨디션도 최고 조식및 더캔버스 석식 뷔페는 역대급 맛나고 다양한음식이 잘나오네요^^ 해온풀장은 넘넘 맘에드네요
86,롯데 호텔 제주,10.0,객실 리모델링 필요
87,롯데 호텔 제주,8.0,산책로나 수영장 서비스 위치 모든게 좋았던 호텔이지만 별관쪽에 투숙했는데 새벽까지 발코니서 술마시고 떠드는 방때문에 잠들기 너무힘들었음.. 호텔에서 이런부분은 제지를 해줬으면
88,롯데 호텔 제주,10.0,모든 서비스가 만족스러웠습니다.
89,롯데 호텔 제주,10.0,아주 만족하였고 디너 부페도 훌륭했습니다.
90,롯데 호텔 제주,10.0,"아이들이 야외 물놀이장을 무척이나 좋아해서 비가오는가운데도 잘 놀다 왔습니다. 다만, 수영장 물속에 물안경을 끼고 있지 않아도 부유물이 눈에 띄어서 걱정도 되고 조금 불편하였습니다. 수질 관리에 좀더 세심한 신경을 써 주심 감사하겠습니다~~"
91,롯데 호텔 제주,10.0,"코로나19에도 불구하고 믿음이 가는 5성급 호텔, 친절한 스텝들의 행동 하나 하나에 늘 만족스럽습니다. 다음에 또 만나요~"
92,롯데 호텔 제주,6.0,뷔페가 너무별로였어요ㅜ 맛은좋았지만 너무붐벼요ㅜㅜ 둘째날은 이용도안했네요 ... 룸을좋았습니다
93,롯데 호텔 제주,8.0,"직원의 친절함과 서비스 최고예요^^ 호캉스하면서 직원들의 인사성과 배려심에 기븐이 좋았습니다. 생각보다 수영장은 작아서 성인이 놀기에는 그럭저럭했어요 해온밖에 없어서 아쉬웠습니다 해온은 물이 따뜻하니 아기를 동반한 가족들이 놀기에는 적절했던것 같아요 음식은 조식,석식 둘다 먹었는데 맛있다라는 느낌은 크게오지는 않아서 가격대비 아쉬웠습니다. 그외 조경이나 자연친화적인 호텔외부와 깨끗하고 심플한 호텔내부는 좋았습니다"
94,롯데 호텔 제주,10.0,"비싼만큼 괜찮은 곳. 수영장도 작다고해서 기대하지 않았는데, 수영하고 놀수 있는 크기여서 좋았음. 주변 경관도 좋았고, 직원분들도 굉장히 상냥하고 좋았음."
95,롯데 호텔 제주,10.0,일부 공간 리노베이션 진행중이었지만 대부분 만족스러웠습니다 방도 관리 잘 되어있고 부대시설도 맘에 듭니다.
96,롯데 호텔 제주,10.0,"서비스가 좋았습니다. 체크인시 발렛서비스부터 여러몀에소좋았아요. 다만, 에어컨에서 냄새가 좀 나고 객실 노후화가 보여서 아쉬웠네요. 수영장은 가족단위 여행객이 압도적이라 정신없었어요."
97,롯데 호텔 제주,10.0,직원도친절했고룸도업그레이드시켜줘서 바다뷰 로 즐건시간보냈어요 수영장은 무척좋았으나 수건을 한장만줘서 밤수영은 추웠어요..
98,롯데 호텔 제주,8.0,깨끗하고 친절하고 만족합니다. 재 방문해 수영장 이용하고 싶어요
99,롯데 호텔 제주,10.0,"3살 아이와 첫 제주여행을 롯데호텔에서 함께했습니다. 젖병소독기도 준비해주시고, 무엇보다 객실관리를 너무나 잘해서 깨끗하게 잘 있다가 왔어요. 늘 여행가면 아이가 잠자리가 바껴서 못잘까 걱정하는데, 여기에서 낮잠 밤잠 다 잘잤어요. 아이가 물을 무서워해서 해온에서 많이 놀지못해 아쉬웠습니다. 아이동반으로 롯데호텔 강추해요. 산책로도 정말 좋았습니다."
100,휘닉스 제주 섭지 코지,2.0,청소를 매일 안해줌. 수영장은 입장시마다 별도 요금. 방은 좁음
101,휘닉스 제주 섭지 코지,6.0,54평 로얄스위트라고 해서 기대를 했었으나 주차장 바로 옆에 방이 있어서 숙박기간 내내 커튼한번을 제대로 열어보지 못했음이 아쉽습니다.
102,휘닉스 제주 섭지 코지,8.0,오션뷰로 업글해주셔서 뷰는 좋았는데 시설이 노후되서 보수가 필요한것같아요 산책길이 잘되있어서 아이랑 가기에 좋은곳이예요
103,휘닉스 제주 섭지 코지,10.0,섭지코지에 위치하고 있어서 산책이나 아이랑 운동하기도 좋고 시설도 깨끗했습니다. 조식이나 다이닝도 괜찮은 편이었고 직원들의 응대도 즉시 이루어져 편리했습니다. 내부 수영장도 아이들이 놀기에 좋았고 바로옆에 아쿠아플래닛 등 즐길거리가 많은점도 장점입니다.
104,휘닉스 제주 섭지 코지,10.0,오랜만에 가족 여행이라 숙박에 대해 많이 걱정했었는데 방이 너무 깨끗하고 넓어서 온가족이 모두 행복했었어요
105,휘닉스 제주 섭지 코지,8.0,"리조트의 위치도 좋고 다양한 키즈프로그램이 있어 어린 자녀와 시간을 보내기는 좋은 곳입니다. 다만, 역시나 시설이 좀 노후되었고 서비스나 분위기가 코로나 영향인지 모르겠지만 세련되지 않은 고객응대와 뭔가 어수선하고 정리가 안 된 느낌과 어두침침한 분위기 등은 개선이 되었으면 합니다. 또한, 주차는 좀 불편한 편이고 식당은 가격대비... 그래도 키즈프로그램과 수영장, 섭지코지와 성산일출봉을 가깝게 느낄 수 있는 위치 등은 아주 만족합니다."
106,휘닉스 제주 섭지 코지,6.0,"일단 어디 막 않돌아 다니고 리조트 내에서 가족과 함께 즐기기엔 딱 좋습니다 사실 섭지코지는 주변에 뭐가 별로 없어요 숨은 맛집이 글케 많은 것도 아니고 장점: 수영장 있어서 아이들 좋아했고 수영장 물 따뜻해서 약간 추웠는데도 좋았고, 수건 가져다 달라니깐 바로바로 교체해 주셔서 젛았어요 단점: 저는 1층이라 그런가 약간 곰팡이 냄새가 좀 나더군요 제 점수는 10점 만점에 8점요"
107,휘닉스 제주 섭지 코지,10.0,전체적으로 마음에 드는 숙소였습니다. 다음에도 이용하고 싶네요.
108,휘닉스 제주 섭지 코지,8.0,여름이라 그런지 조금 습했으나 침구교체를 바로 해줘서 무리없이 밤을 보냈음
109,휘닉스 제주 섭지 코지,8.0,룸컨디션도 좋고 주변 경치가 좋았어요. 쾌적한 환경이 여행을 여유롭게해주었어요. 재방문 의사 있습니다.
110,휘닉스 제주 섭지 코지,8.0,서비스 및 위치 등 전반적인 면은 좋았으나 시설 노후와 청소 상태는 별로 였음
111,휘닉스 제주 섭지 코지,10.0,깔금하고 좋아요.
112,휘닉스 제주 섭지 코지,6.0,노후되어 가격대비리모델링 필요하면 더 좋은추억이되겠습니다. 아니면 가격을 낮추는 방법도 필요함
113,휘닉스 제주 섭지 코지,2.0,"숙박 부분이나 편의 부분은 시설자체가 노후화되어 그냥 그랬어요 단, 섭지코지로 이어지는 제주의 환경을 품고 있어 주변 경관은 끝내줍니다. 특히 밤에 조성된 산책길을 걷고 있자니 하늘에서 별이 쏟아지고, 주변 파도 소리가 귓가에 울려 정말 좋더군요. 하지만, 직원들의 고객 대하는 태도는... 정말 불쾌하고 불편했어요. 이런 고객 대응 시설에서 기본적인 인사도 제대로 인하고 (식사 후 나갈때입니다).. 제대로 된 시설 이용 안내도 못하는 모습이.. 아마추어적이였어요."
114,휘닉스 제주 섭지 코지,8.0,숙소와경치는 정말좋았어요..놀이시설과음식점들이 다양하게 있었으면 좋겠어요.카트와 수영장도 좋구요
115,휘닉스 제주 섭지 코지,10.0,일찍 체크인해서 뷰 좋은방 배정됨. 깨끗하고 .. 친절함 일부 후기 악평이 있던데... 매우 만족합니다
116,휘닉스 제주 섭지 코지,6.0,"위치는 너무 좋았으나, 청소상태가 너무 좋지 않았습니다. 안방은 곰팡이 냄새가 좀 나네요.."
117,휘닉스 제주 섭지 코지,10.0,숙소도 깨끗하고 좋았어요!! 어린아이들과 오기 딱 좋은 숙소네요!! 산책하기 아주 좋아요!!
118,휘닉스 제주 섭지 코지,10.0,아주 좋았어요!! 편안하게 쉬고 왔어요!!
119,휘닉스 제주 섭지 코지,10.0,너무 만족했습니다. 아기자기한 느낌이 잘 살아있는 숙소였습니다.
120,휘닉스 제주 섭지 코지,10.0,6명의 잠자리가 필요한 여행이였어요..예약을 꼼꼼히 한다고 했었는데 호텔스닷컴에 확인한 예약중 더블침대 싱글침대2 요이불셋트 이미지에3룸으로 돼있어서 그런줄 알고 호텔도착후 2룸으로 돼있었어요.. 진행하는 저는 정말 황당 했는데.. 호텔측 배려로 같은타입3룸으로 추가 없이 바꿔 주셨어요.. 현명하고 친절하게 배려해준 직원들의 대처가 너무도칭찬하고 싶고 제가 휘닉스회원으로서도 뿌듯하고 계속 한가족으로 회원유지하고 지원하고 싶습니다~~
121,휘닉스 제주 섭지 코지,10.0,"전반적으로 다 좋았어요. 조식도 맛있고, 편의점도 있고, 미술관도 가깝고, 산책로도 있고, 다음에 또오려구요~"
122,휘닉스 제주 섭지 코지,10.0,가족과 갈만함.
123,휘닉스 제주 섭지 코지,8.0,"비교적 안락하고 청결했지만, 창틀이 노후화되어 부식이 진행되고 있었네요. 호텔이 해변에 위치하고 있어서 그런듯, 프론트에서 고객 응대는 훌륭했습니다."
124,휘닉스 제주 섭지 코지,8.0,조식은 매일 갈 정도는 아님.. 4인가족 불편없이 이용 잘 했습니다. 이른 아침 숙소 산책 중 운좋게 무지개도~♡
125,휘닉스 제주 섭지 코지,6.0,방에 따라서 단열 차이가 너무나서... 너무 추운방도 있네요
126,휘닉스 제주 섭지 코지,8.0,"레드동 54평 룸 뷰가 끝내줬습니다. 다만 청결과 조식, 그리고 레드동과 중앙홀과의 거리가 조금 아쉽습니다. 어른분들께서 말씀하시길 조식은 가격에 비해 너무 부실했다고 하시더군요. 그래도 리조트 아주 넓고 침대는 청결하게 관리되는 것 같아 안락하게 잘 지내다 왔습니다~ 다음에는 호텔에서 머물러보고 싶네요~"
127,휘닉스 제주 섭지 코지,10.0,시설이 전반적으로 노후했지만 룸도 넓고 위생상태도 나쁘지 않았어요. 주차장이 지하에 없고 지상주차장은 좁아서 불편했지만 대체적으로 만족입니다. 위치가 다른 관광지랑 좀 멀어서 그게 조금 아쉽네요. 그렇지만 리저트 주변이 좋아서 그마저도 크게 아쉽진 않았어요.
128,휘닉스 제주 섭지 코지,2.0,"숙소야 그렇다고해도. 저녁을 호텔에서 먹을때 성게미역국에서 성게알사이에 머리카락나왔음. 결론은 와이프와 아이가 있어서 참았지만, 결제금액에서 10프로 할인해주더군요. 다시는 이곳 안갈겁니다. 가격대가 싼것도 아니고."
129,휘닉스 제주 섭지 코지,10.0,가족여행으로 와서 잘 쉬고 갑니다^^
130,휘닉스 제주 섭지 코지,10.0,깔끔하고 전체적으로 너무 좋았어요. 어린이용 프로그램도 좋았습니다.
131,휘닉스 제주 섭지 코지,6.0,"단점 1.시설이 노후되고 방에 들어가는 순간 이상한 냄새가 나서 너무 별로 였습니다. 2.조식도 엄청 고급스러운 것처럼 나와있는걸 많이 봤는데 음식 종류며 완성도가 너무 떨어집니다. (불고기는 질겨서 턱이 아플정도였고, 음식 간이 전체적으로 세요.) 3.직원들이 있지만 딱히 친절하지는 않습니다. 그저 필요한 말에 대답해주는정도 좀 로봇같은 대응에 놀랐습니다. 4.동이 3곳인데 레드동은 오렌지동 블루동사이에 비해서 멀다보니 조식이나 편의점 이용하러 다니기 조금 불편했습니다. 5.뒤쪽 섭지코지 갈수 있는 언덕등은 있는건 좋지만 관리가 소홀해 쓰레기도 곳곳에 보이고, 팻말이 넘어져있는등 보기 좋지 않았습니다. 장점 1. 성산에서 관광하기 좋은 위치 (섭지코지 성산항 성산일출봉 광치기해변등 다 가까움) 2.넓은 부지로 밖에 나가지 않아도 지내기 좋은 공간 3.깨끗하고 넓은 로비(로비에 비해 방이 너무 별로인데 흠이지만...)"
132,휘닉스 제주 섭지 코지,8.0,숙박 단지가 크다. 식사가 좋다(뷔페). 숙소주변이 아름답다. 1층에 장식이 예쁘다. 조리할수 있는 기구가 있다. 쓰레기 처리를 우리가 해야해서 약간 구찮음.
133,휘닉스 제주 섭지 코지,10.0,호텔의 전체적으로 가성비 대비한다면 방도 넓고 거실도 있어서 좋았습니다. 가족여행에 숙소로 추천 합니다.
134,휘닉스 제주 섭지 코지,8.0,프론트 남자 직원분들 서비스가 좀 아쉽네요. 나머지는 만족했습니다.
135,휘닉스 제주 섭지 코지,10.0,대체로 만족했습니다 특히 수영장이 좋아서 아이들이 좋아했어요
136,휘닉스 제주 섭지 코지,8.0,"섭지코지에서의 1박! 좋았습니다. 제주도에서 일몰과 일출을 함께 보기 위해 섭지코지 예약을 했는데, 숙소에서 바라보는 일몰은 그 어떤 일몰보다도 안락하고 멋있었네요. 이번 여행에서 마지막날 특히 많이 추웠거든요. 새해 일출은 구름에 가려 많이 보지 못해 아쉬웠지만, 구름 속에서 살짝 보여지는 새해는 바다의 풍경과 함께 더없이 낭만적인 장면이었습니다."
137,휘닉스 제주 섭지 코지,6.0,"커플여행으로 갈 때의 숙소로는 적당치 않습니다. 룸의 청결상태나 조식 뷔페의 소란스러움은 정신이 혼미해질 정도 ㅠ 대부분 사람들이 아기를 동반한 가족여행이어서 그런 듯, 가족여행 숙소로 추천합니다"
138,휘닉스 제주 섭지 코지,4.0,건물은 노후화 청소라도 깨끗하면 좋으련만 청소상태 최악 주변 유민박물관이나 민트레스토랑등 시설 이용하려하나 설명 부족 재방문의사 없음
139,휘닉스 제주 섭지 코지,6.0,화장실 세면대를 수건으로만 닦았는지 때가 그대로 남아 있어서 지저분했음 ㅎ화장실 방향제 냄새가 많이 강함
140,휘닉스 제주 섭지 코지,10.0,가격이 부담됐지만 굿..단 편의점 물가가 너무 비싸요.
141,휘닉스 제주 섭지 코지,8.0,위치 좋고 따뜻하고 좋았네요. 단지 쓰레기통에 쓰레기가 안치워졌다는건 빼고
142,휘닉스 제주 섭지 코지,6.0,일단 오션뷰로신청해서 할인가보다 돈을 좀더 낸듯 한데 오션뷰는 리모델링이 안된곳이라하여 오션뷰 포기하고 2층에 아주 구석탱이룰 주어 창문을 열이유가 없었습니다.청결상태는 마치 문제없어보이지만 쇼파진짜 최악이었고 앉을 수 없었습니다.너무 많은 이물질이 묻어있어서......섭지코지가 너무 많이 망가지고 리조트도 관리가 너무 안되는 것 같아 안타깝습니다. 관리좀 했으면 합니다.
143,휘닉스 제주 섭지 코지,10.0,넓고 조식도 괜찮았습니다 다만조금 덜 깨끗하네요.
144,휘닉스 제주 섭지 코지,6.0,그럭저럭 입니다.
145,휘닉스 제주 섭지 코지,10.0,조금 낡았고 곳곳에 공사를 하고 있어서 좀 아쉬웠어요~ 그래도 주변 경관이 끝내주어 괜찮았어요~~^^
146,휘닉스 제주 섭지 코지,8.0,프론트에서 3일에 1회 청소를 설명해 주셨음 합니다
147,휘닉스 제주 섭지 코지,8.0,"산책하기너무좋앗어요. 방도따뜻햇고, 물수압도 좋앗어요 어린아이데려가기 괜찮앗어요 수영장 직원은 조금 딱딱하네요."
148,휘닉스 제주 섭지 코지,10.0,아주 안락하고 좋았습니다. 그런데.. 커튼이 너무 무거운 느낌이에요.
149,휘닉스 제주 섭지 코지,8.0,"전반적으로 로비도, 객실도 모두 깔끔한 인상이었습니다. 다만 침구에서 조금 냄새가 났습니다ㅠㅠ"
150,베스트 웨스턴 제주 호텔,10.0,"4박5일 제주여행내내 묵었던 호텔! 주변 편의시설도 많고 무엇보다 인포직원분들 너무 친절하세요! 매일 청소도 깔끔하게 해주시고 조식도 맛있었어요! 제주여행 또 온다면 여기에서 묵고싶어요~! 참, 얼음 요청했었는데 한가득가져다주셨어요ㅎㅎ"
151,베스트 웨스턴 제주 호텔,10.0,급 제주도 가게되서 베스트웨스턴 호텔에 머물었었는데 선택을 잘했다고 생각했습니다~! 2박3일 머무를 동안 넘 깨끗해서 기분이좋았고 시끄럽지도 않고 방음이 잘됬고 가격적인면에서도 넘 착해서 가성비가 넘넘 좋았습니다! 담에 제주도 가도 또 가게 될 것같아요 :)
152,베스트 웨스턴 제주 호텔,2.0,이불이 찢어졌어요
153,베스트 웨스턴 제주 호텔,6.0,"오랜만에 다시 갔는데, 도로 밖 차 지나가는 소리 등이 이렇게 크게 들렸었는가 싶네요. 1층 로비에 스타벅스 있어 좋은 곳이에요. 하지만, 예전 데스크 분들이 더 친절합니다. 아참, 1층 Pub 좋은데~ 이번엔 일정상 못 들렀네요. 분위기도 좋고, 맛도 좋은 곳🙂"
154,베스트 웨스턴 제주 호텔,10.0,침구청결하고 조식 저렴한편이며 만족합니다
155,베스트 웨스턴 제주 호텔,2.0,가족단위 큰 룸이 필요해서 커넥팅룸을 예약했어요 커넥팅 룸이라는게 두개의 객실을 이어서 한개의 룸으로 개조했더라고요 입식 객실이었는데 바닥재 청결상태도 너무 않좋았고 가격대비 평이 좋았는데 제 평생 호텔급 숙박시설중에 최악의 숙박시설로 기억에 남아요
156,베스트 웨스턴 제주 호텔,8.0,출장 중 이용하였으며 룸 컨디션은 전체적으로 만족하였으나 추가 지불하여 이용한 조식은 그렇지 못했습니다. 맛은 평범했지만 떨어진 메뉴들 일부를 채워넣기까지 시간이 소요되었습니다. 제공되는 커피의 개선이 가장 필요하다고 생각합니다.
157,베스트 웨스턴 제주 호텔,10.0,
158,베스트 웨스턴 제주 호텔,8.0,가격대비 괜찬은거 같습니다
159,베스트 웨스턴 제주 호텔,6.0,부모님과 아이와 함께 묵기위해 온돌방으로 예약했는데. 침구가 너무 얇고 오래되어 불편했습니다. 침구류와 수건은 교체해야할 것 같네요.
160,베스트 웨스턴 제주 호텔,4.0,프론트데스크 남녀 직원들 너무 불친절함 체크인앤아웃하는데 30초도 안걸리는 시간동안 그런느낌을 받았으니 . 침구가 낡았음. 청소상태는 비교적 좋음
161,베스트 웨스턴 제주 호텔,10.0,깔끔 합니다
162,베스트 웨스턴 제주 호텔,10.0,버스정류장 바로 앞이라 뚜벅이여행자에게 좋았고 샤워 물이 잘 안내려가는거빼고는 괜찮았어요 시티뷰고 하우스키핑도 잘되있었어요
163,베스트 웨스턴 제주 호텔,4.0,3박 했는데 매트리스커버와 이불커버를 요청시에만 교체해준다고 해서 조금 황당했습니다. 하우스키핑서비스를 머리카락 치우고 이불 정돈만 하시는 것 같았습니다. 방 크기는 컸으나 침대 이외의 가구는 없는 편이어서 실용성이 떨어졌습니다. 다시 가진 않을 것 같네요.
164,베스트 웨스턴 제주 호텔,8.0,위치는 공항과 가까워 좋았고 룸도 넓고 주차장 자리도 넉넉했어요 다만 오래된 룸 컨디션에 침대상테도 그리 좋지 않아 그건 감안해야 합니다
165,베스트 웨스턴 제주 호텔,10.0,가격도 저렴하고 하룻밤 자는데 좋아요~~
166,베스트 웨스턴 제주 호텔,10.0,만족했습니다 가성대비 좋습니다 주차가 불편하지만 어디든 마찬가지구요
167,베스트 웨스턴 제주 호텔,6.0,제주 시내에세 가족여행객이 머물기 나쁘지 않습니다. 렌트카 주차는 일찍 숙소에 도착해야 가능할것 같습니다. 온돌방은 성인 5-6명이 자도 충분한 크기입니다. 1층에 스타벅스가 입점해 있어서 이용하기 좋습니다.
168,베스트 웨스턴 제주 호텔,6.0,괜찮았습니다. 10개월 아기와 함께해서 온돌방으로 했는데 생각보다 컸어요. 그런데 진짜 아무것도 없네요. 위치는 중심가라서 편했어요.
169,베스트 웨스턴 제주 호텔,10.0,가성비 굳 위치 나쁘지않고 친절하고 깨끗하다
170,베스트 웨스턴 제주 호텔,10.0,"객실도 깔끔하고, 1층에 스타벅스 위치/근처에 편의점 위치해 있어서 편리해요"
171,베스트 웨스턴 제주 호텔,8.0,"비교적 청결했는데 핸드워시, 샤워젤, 샴푸, 비누만 있어요 에어컨 소리가 크게 느껴졌어요"
172,베스트 웨스턴 제주 호텔,10.0,방이 넓고 좋았습니다. 깨끗한 룸서비스도 좋았습니다.
173,베스트 웨스턴 제주 호텔,10.0,너무 좋았어요 다시 올 계획 있어요
174,베스트 웨스턴 제주 호텔,10.0,깨끗하고 넓어서 좋았어요. 4인가족이 묵기 좋은 더블침대2개. 아주 꿀잠잤네요~
175,베스트 웨스턴 제주 호텔,8.0,가격대비 룸컨디션 매우좋은 숙소임 공항에서 5분거리라서 여행 마지막날 숙소로 매우추천함
176,베스트 웨스턴 제주 호텔,4.0,이호텔은 중요한 한가지가 잘못되었다. 화장실의 문제인데 세면대가 화장실내에 없어 아주 불편헀다. 또한 비데가 설치되어 있지않아 평소 비데 사용자들은 용변보기가 무척 불편헀다. 이곳 화장실은 용변후 바로 샤워만 하라는 구조인것 같다.
177,베스트 웨스턴 제주 호텔,10.0,방 청결 상태도 훌륭하고 무엇보다 샤워기 수압이 최고!! 접근성도 좋았습니다. 다만 아쉬운 점은 주차장 간격이 좁아 큰 차의 경우 주차를 해도.. 타고 내리기가 힘들어 너무 불편했습니다. 개선이 필요해 보였습니다. * 이용하실분들은 주차해두었던 위치 꼭 기억해두세요~ 반층형이라 헷갈릴 수 있습니다!
178,베스트 웨스턴 제주 호텔,8.0,유리창 쪽에 먼지가 수북하게 쌓여있어요 ㅜㅜ
179,베스트 웨스턴 제주 호텔,10.0,합리적인 가격에 후기도 호불호가 엇갈려서 큰기대없이 갔는데 저와 남편 모두 완전 만족했습니다. 카페트가아니라 더 좋았구요. 3박 다 꿀잠잤네요. 다음번에도 공항근처에 묵는다면 또 이용할생각입니다. 다만 조식은 조금 아쉽^^;;
180,베스트 웨스턴 제주 호텔,10.0,온돌방인데 전반적으로 만족합니다. 시내라서 공항도 가깝고 같은 건물1층에 스벅이랑 바로옆에 GS25시도 있고 접근성 가성비 다 좋네요. 주차장입구가 많이 좁아서 아쉽긴하지만...
181,베스트 웨스턴 제주 호텔,8.0,"위치, 룸 컨디션 및 서비스 모두 훌륭했음"
182,베스트 웨스턴 제주 호텔,8.0,가족여행으로 시내에 1박 잡은 숙소였습니다. 한실 큰게 있어서 잡은건데 취학아동이 있다면 추가금 발생한다고 미리 알았더라면 지불하고 이용했을텐데. 현장에서 추가금 발생해서 좀 그랬고요. 나머지 청소하시는 아주머니와 직원들은 무척 친절하고 좋았습니다
183,베스트 웨스턴 제주 호텔,8.0,"다 좋은데 칫솔, 치약이 없어요..."
184,베스트 웨스턴 제주 호텔,4.0,치솔 없어요 머리빗도 없어요 모기는 있어요
185,베스트 웨스턴 제주 호텔,8.0,"객실 상태나 방음부분, 어메니티, 접근성은 모두 괜찮으나 프런트 데스크 직원분은 체크인/아웃 데스크 업무만 하시고 그 외 호텔에 포함된 서비스에는 전혀 관여를 안하시네요 관심을 가지는 듯한 행동이라도 하셨으면 합니다"
186,베스트 웨스턴 제주 호텔,8.0,"호텔내부는 덜하나위 없이 좋았습니다. 그런데 외부는 편의점과 벤치가 있어서 그런데 흡연을 많이 하셔서.. 그리고 편의점 앞에서 회식을 하시네요.. 계절적인 요인도 있는것 같으니 참고하시고, 제주시내나 제주여행을 시작하는 숙소로 정말 괜찮은 위치와 버스정류장도 바로 앞이여서 좋습니다."
187,베스트 웨스턴 제주 호텔,10.0,위치도 시내 중심이라 너무 좋고 깨끗해요!! 방바닥이 마루라 넘 좋았어요^^
188,베스트 웨스턴 제주 호텔,10.0,아이와 숙박하기 좋은호텔입니다 온돌과 침대가능한 룸으로 선택했는데 탁월한 선택이였어요 ~~ 시설 깨끗했고 직원들도 친절했습니다 다음에도 숙박한다면 여기 또 올것 같아요 가성비 갑입니다
189,베스트 웨스턴 제주 호텔,10.0,저렴한 데에 비해 굉장히 마음에 들었습니다.
190,베스트 웨스턴 제주 호텔,8.0,"사진으로 봤던 것보다는 안락함이 덜 했으나, 제주공항에서 가깝고 1층에 스타벅스와 호텔 바로 옆에 gs24시가 있어서 좋았음."
191,베스트 웨스턴 제주 호텔,10.0,"일단 공항에서도 멀지않고, 노형동 시내부근이라 접근성이 좋아서 근처 이마트라든가 수목원 테마파크 야시장 갔다오기도 편리했어요. 바닷가쪽 펜션이나 게스트하우스 알아보니 가격이 넘 비싸서 호텔로 찾았는데 이 가격에 4성급 호텔이라니 정말 가성비 짱인듯요!! 14층 시내전망인데도 바다가 보여서 좋았고 침구도 깨끗하고 푹신해서 쾌적하게 2박 잘 이용했습니다. 전기포트가 고장나서 교환요청 했더니 바로 바꿔주셨어요. 프론트도 친절했고요. 다만 지하주차장은 너무 좁아서 K5 주차하는데도 좀 버거웠습니다."
192,베스트 웨스턴 제주 호텔,8.0,"제주시에 있어 공항과 가깝고, 편의점과 커피숍(스타벅*)가 바로 가까이 있어서 편리합니다. 버스정류장과도 가까워서 관광지 나가기에도 나쁘지 않고요. 근처에 블루리본 서베이가 극찬한 빵집에서 빵사다가 조식을 해결했었습니다. 다만 방에 가끔 세탁기 소음같은 게 들리더라구요. (비행기 소리는 공항 가까워서 어쩔 수 없지만..) 그래도 가성비 좋고, 알찬 여행이었어요."
193,베스트 웨스턴 제주 호텔,8.0,전체적으로 조용하고 깨끗한 느낌. 객실이 넓은편이고 안락함. 청소상태는 불량. 객실에 비치된 머그에서 이물질보임. 조식 라면제공 감사합니다.
194,베스트 웨스턴 제주 호텔,6.0,공항에서 가깝고 위치좋구요 그냥저냥 평범한 비지니스 호텔입니다.
195,베스트 웨스턴 제주 호텔,10.0,깨끗해서 좋았어요^^
196,베스트 웨스턴 제주 호텔,10.0,청결하고 편안하고 좋은 방이었어요~
197,베스트 웨스턴 제주 호텔,6.0,도록 소음이 너무 큼
198,베스트 웨스턴 제주 호텔,4.0,너무별로였어요 가격만큼!
199,베스트 웨스턴 제주 호텔,10.0,가성비 매우 좋고 깨끗해서 좋았습니다. 주차공간도 넓었구요. 아쉬운 점은 신도시에 위치하다보니 아직 상권이 없어서 숙소에서 걸어나가서 저녁 식사하기에는 불편하더군요. 1층에 식당이 있긴하지만요. 멀지 않은 거리에 이마트가 있어서 차로 10분이내에 쇼핑할 수 있어 좋았습니다.
200,신라스테이 제주,8.0,제주시내에 위치. 출발일이나 도착일 전후에 숙박하며 관광하기 딱 좋음. 주차장입구로 들어가는길 좁고 불편함. 주차가능하나 가로주차가 많아 주의요망. 트윈룸 숙박인데 어른둘 아이하나 묵기엔 너무 방자체가 좁음. 서비스는 무난하고 조식도 먹을만함. 그냥저냥 묵을만함.
201,신라스테이 제주,10.0,욕실이 있어 좋았습니다
202,신라스테이 제주,8.0,깨끗. 방은 그리 넓지 않음. 캐리어 펴는 다이가 괜찮게 되어있어서 불편하진 않음. 조식도 그냥저냥 값에 적절한 느낌.
203,신라스테이 제주,8.0,전반적으로 만족합니다 ^^
204,신라스테이 제주,10.0,직원들이 매우 친절하고 내부 룸 컨디션도 좋고 세면대 옆에 물건 둘 자리가 넉넉한것 등등 전체적으로 다 좋았습니다. 드라이기가 약하다는 소리를 들어 걱정했는데 항공 드라이기나 다이슨을 기대하는정도만 아니면 다들 크게 불만 없을거 같아요 다음에도 공항 근처에서 묵게되면 신라스테이 이용하려구요~
205,신라스테이 제주,10.0,"전체적으로 좋았어요 ! 깨끗하고, 직원분들 다 친절하시고 조식도 넘 맛있었어요 ㅎㅎ 다만 화장실에서 샤워할때 세면대쪽에 물이 튀어서 불편했어요 (개인 슬리퍼 욕실에 놔뒀음...) 그리고 주차장들어가는길이 너무 좁아서 운전초보는 힘드실거 같아요 ~ 주차공간이 너무 협소해서 저녁먹고 10시쯤 들어갔는데 이중주차했어요 ㅠㅠ 직원분들이 다 알아서 해주시긴 하지만..ㅋㅋㅋ 렌트카라 좀 걱정했다능 .. 암튼 다음에 제주 오면 또 들릴거 같아요 ! 가격대비 좋아용"
206,신라스테이 제주,4.0,"일단 주차장이 너무너무너무 부족해서 조금만 늦게 들어가도 이중삼중으도 해야하는 점이 너무나 실망스러웠습니다. 아니, 신축 호텔인데 대체 왜??? 그리고 조식 회장이 너무 돗대기 시장인것도 그닥. 룸 컨디션도 나쁘지는 않았지만 딱 그정도. 관리상태는 좋았고 어매니티도 만족스러웠습니다. 그런데 이틀째에 어매니티 보충을 안해주신점은 당황. 샤워가운이 비치되어 있는 점은 좋았습니다. 다만 신라라는 이름을 걸고 있기에는 황당한 부분이 너무 많은듯 합니다."
207,신라스테이 제주,6.0,"신라스테이 다른 지점을 많이 다녀서 제주도 기대하고왔었는데..그냥 일반 비즈니스 호텔이라 보시면 될 것 같아요. 신라스테이 너무 좋아하는데, 제주점은 노련한 여직원 한명, 그 아래 직원 두명 정도는 더 두셔야할 것같아요.. 다들 너무 고생하시는게 안쓰러웠습니다. 지배인이신 분께서 기념일 축하로 업그레이드 도와주셔서 정말 감사했고요. 조식은 그냥 그랬습니다. 근처 맛집많으니 꼭 밖에서 드세요. 객실은 층간 소음, 1층 소음까지 콜라보로 웅앵웅 소리가 심해서 잠을 못잤고요, 더블침대는 퀸이 아니라 더블같았어요. 커플분은 꼭 스탠다드로 하세요ㅠㅜ 욕조는 적당해서 마음에 들었고 물은 천원받아서 충격이었습니다. 잘 안되는 호텔이나 돈 받는걸로 생각했는데.. 가격은 싸다고 생각했는데 좀 아깝긴했어요. 그 외에 룸 컨디션이나 디자인, 구조 및 크기는 괜찮았어요."
208,신라스테이 제주,10.0,좋습니다. 깨끗하고 조용하고.
209,신라스테이 제주,8.0,책상은 있으나 화장대 거울이 없어 좀 불편 그 외에는 좋았습니다!
210,신라스테이 제주,8.0,주차장이 협소하여 불편한 점 외에는 만족
211,신라스테이 제주,10.0,"엄마랑 둘이가는 여행이였는데 제주도에 늦게 도착해서 좀 피곤했는데 아주 편안하게 잘 잤어요! 그리고 서비스도 좋고, 너무 깔끔해서 기분도 좋았어용"
212,신라스테이 제주,6.0,에어콘에서 나는 냄새인지 쿱쿱한 냄새가 났다
213,신라스테이 제주,10.0,깔끔해요. 연동중심가라 놀기 좋아요. 다만 주차공간이 다소 아쉽네요.
214,신라스테이 제주,4.0,조명은 일부는 깨져 있고 이물질이 붙어 있어요... 최근 머물렀던 숙소 중에 최악이었습니다.
215,신라스테이 제주,10.0,체크인할 때 받은 쿠폰으로 저녁에 12층 라운지에서 치맥 먹었는데 정말 맛있었어요^^
216,신라스테이 제주,8.0,조식도 맛있고 침대도 안락하고 깨끗하고 작은 룸이었지만 욕조도 있고 좋았습니다. 다만 신발장이나 현관이 따로 나누어 있지 않아 그 부분이 불편하였습니다.
217,신라스테이 제주,6.0,너무 사무적인 대응태도
218,신라스테이 제주,8.0,늦게가면 주차가 힘들어요 그래서 밤늦게 이중주차해야함 하지만 타워주차가 아니라 다행이에요 침대가 편안하지만 옆사람 움직임에 흔들거리는 침대예요 참고하세요 그 외는 쾌적하고 좋아요 만족합니다
219,신라스테이 제주,10.0,"공항에서 가깝고, 택시를 타도 10분거리에 호텔밖으로 나와 신호등만 건너면 식당들이 많아서 편리합니다"
220,신라스테이 제주,8.0,"성수기도 아니고, 평일이었으나 주차공간이 너무 협소하여 주차하기가 어려웠습니다. 또한 입구쪽에 불법주차 단속이 되지 않아 들어가기가 힘들었습니다."
221,신라스테이 제주,8.0,두번째 방문하는데 깔끔하고 좋아요.
222,신라스테이 제주,10.0,좋았습니다 ^^
223,신라스테이 제주,10.0,깔끔하고 좋았어요~
224,신라스테이 제주,10.0,늘 깔끔하고 친절하고 조식 멋있어요.
225,신라스테이 제주,8.0,작년 3월 가족여행때 한번 이용해보고 이번에 남매끼리 제주여행에 또 한번 이용했어요. 럭셔리 하지는 않지만 실용적인 면에서 그만큼 가성비가 좋은 호텔이라는 생각이 들어요. 여전히 조식레스토랑엔 버터대신 갈릭버터가 제공되더군요. 다음번에 다시 이용하게 된다면 토스트에 그냥 버터를 발라 먹을 수 있었음 해요. ㅎㅎ
226,신라스테이 제주,8.0,"호텔스닷컴을 통해서 아주 저렴하게 잘 쉬다가 왔네요. 여행의 마무리에서 1박을 했는데 지냈던 다른 호텔에 비해선 룸이 작은편이었습니다. 그리고 일회용 면도기가 구비되어있지 않아서 불편하였고, 화장실 문이 슬라이딩도어여서인지 방음이 잘 안되고 문을 여닫을때 불편한 점이 있었습니다."
227,신라스테이 제주,10.0,번화가에 위치하여 가족및 커플 여행 숙소로 적당합니다.
228,신라스테이 제주,8.0,ㆍ룸에 거울이 없어서 불편 ㆍ룸에 티슈통이 없어서 불편
229,신라스테이 제주,10.0,깨끗하고 필수적인 요소들이 있어서 좋았습니다. 침대가 편하고 좋았고 펍이나 조식등 부가적인 요소도 맘에 들었어요
230,신라스테이 제주,8.0,제주공항 가까운 곳에 있어서 편리하고 호텔도 깨끗하고 무엇보다도 조식이 건강식으로 맘에 들었어요 서비스도 좋습니다
231,신라스테이 제주,8.0,편안한 잠자리 였어요
232,신라스테이 제주,6.0,보통의 보통의 호텔. 호캉스 이런거 기대하기 보다는 출장일때 혼자 편히 머무르기 좋을듯해요. 조식은 가짓수 적지만 베이커리류는 맛있었어요.
233,신라스테이 제주,10.0,청결해서 매우 만족했습니다. 또한 교통도 편리하여 여행을 편하게 맘편히 즐겼습니다.
234,신라스테이 제주,6.0,주차공간이 부족해서 주차에 어려움이 있습니다 룸 컨디션은 깨끗한편입니다 직원분들도 친절합니다
235,신라스테이 제주,10.0,가성비 최고 신라스테이. 조식도 좋구요. 여행가는 지역에 신라스테이 있으면 1박은 꼭 신라스테이 이용하네요^^!
236,신라스테이 제주,8.0,깔끔한 디자인에 실용적인 물품이 구비되어 있습니다. 아주 만족했습니다.
237,신라스테이 제주,10.0,깔끔하고 아늑한 분위기가 너무 좋았고 직원분들은 너무 친절하셨습니다. 코로나를 예방하기 위한 절차들도 좋았습니다.
238,신라스테이 제주,10.0,"위치,청결도,서비스 굿 주차장은 약간ㅈ미흡"
239,신라스테이 제주,10.0,룸컨디션 좋습니다. 어메너는 아베다로 만족스럽구요 12층 바도제주 물가치곤 가성비 좋습니다
240,신라스테이 제주,10.0,가성비 및 위치 좋았습니다
241,신라스테이 제주,8.0,시설은 좋아요 시내 중심에 있어 창문 열기가 좀 불편 합니다 욕실은 사이즈가 좋고 하지만 침실은 그리 크지 못해요 자차 운영시 주차가 불편 할 수 있어요 저녁전에 주차 하는걸 추천 합니다
242,신라스테이 제주,6.0,더블 침대 최악입니다 그냥 좁구 출렁출렁 방음 전혀 안됨 숙소에 기본인데 다신 안갈듯 직원들 또한 그냥 고정도만
243,신라스테이 제주,10.0,"깨끗하고 조용하며, 조식이 마음에 들었음"
244,신라스테이 제주,10.0,
245,신라스테이 제주,8.0,"기본 더블룸에도 욕조가 있고 시설은 전체적으로 맘에 들고 좋았으나, 청결상태가 좋지 않아 충격이었다(소파 등에 얼룩, 먼지, 욕조 옆 통유리창이 아주 오래 닦지 않은 듯이 얼룩덜룩함, 아직 쓰기 전인 욕조에 털..머리카락..). 나는 괜찮은 숙소라 생각하여 선택했었는데 신라스테이에는 원래 이런 수준을 기대해야하나 궁금해졌다."
246,신라스테이 제주,8.0,공항과 가깝고 비용도 저렴한 편이었습니다. 다만 화장실 등 청소 상태가 다소 미흡했습니다.
247,신라스테이 제주,8.0,전반적으로 이름값을 하는 무난하고 안심이 되는 훌륭한 호텔. 냉장고 위쪽에 조명등을 달아야 할 듯. 어두워서 거울이 전혀 안보임
248,신라스테이 제주,4.0,방음 안됩니다. 주차장 상당히 좁습니다. 윗층 옆층 소리 다 들립니다. 그리고 주차장이 너무 협소하고 부족합니다.
249,신라스테이 제주,8.0,방크기는 크지않았으나 깨끗하고 좋네요. 위치도 시내중심이라 상점도 많고 좋았습니다.
250,라마다 플라자 제주 오션 프론트,8.0,4인가족이사용하기좋아요. 호텔위치가좋아요.
251,라마다 플라자 제주 오션 프론트,10.0,"전체적으로 만족 스러웠으나, 주차장이 충분하지 않아 주차하기 어려웠네요 하지만 직원들 모두 친절했고 특히 컨시어즈가 추천하신 식당은 매우 만족스러웠네요"
252,라마다 플라자 제주 오션 프론트,8.0,체크인 하고 룸에 갔는데 방청소중
253,라마다 플라자 제주 오션 프론트,8.0,더운 여름 크지는 않치만 수영장에서 수영하며 한나절 즐길 수 있는 호캉스 제대로 했습니다. 깨끗하고 안락한 숙소였음
254,라마다 플라자 제주 오션 프론트,6.0,실내수영장 카운터에서는 수경및 수모들고왔는지 확인을 하지만 실내수영장 안에서는 수모를 쓰지 않는 사람을 방치하더군요. 라이프가드들도 그냥 못본척하구. 탁도는 0이라 되어있으나 물에 사일째 패디큐어 스톤도 돌아다니고(사각형 똑같이 생긴) 수질관리 의심스럽습니다.
255,라마다 플라자 제주 오션 프론트,10.0,너무 좋았어요 프론트에 계신 분이 좀더 웃었으면 좋겠어요 그것만 빼면 컨시어지 분들도 너무 친절했고 조식 식당 풍경도 넘 멋지고 식사도 2틀 동안 묶었는데 음식이 바뀌면서 괜찮았습니다 전체적으로 별 다섯개입니다
256,라마다 플라자 제주 오션 프론트,10.0,룸컨디션도 좋았고 수영장도좋았습니다. 다만 풀사이드바 메뉴가 다양하지않았고 비싼편이고 자리에 파라솔이 없는곳도 있어서 그점이 아쉬웠습니다
257,라마다 플라자 제주 오션 프론트,8.0,5성급이라 안심하고 예약했는데ᆢ다른건 모두 만족인데 오래된 카페트 바닥이라 상쾌하지 않은 냄새가 좀 나요 그거 말고는 접근성이나 오션뷰도 훌륭해요
258,라마다 플라자 제주 오션 프론트,10.0,오션뷰 좋아요 그리고 침구류 좋아요
259,라마다 플라자 제주 오션 프론트,8.0,침대가 아주 좋아요.
260,라마다 플라자 제주 오션 프론트,4.0,시설 대비 가격이 높은 것 같습니다
261,라마다 플라자 제주 오션 프론트,10.0,전체적으로 다들 친절하고 서비스가 좋았어요. 룸 컨디션도 나쁘지 않았고 좋아하는 비행기 원 없이 볼 수 있어서 더 좋았어요. 다만 편의점 가는 동선이 좀 불편하고 수영장 물이 날씨에 비해 많디 차가웠네요.
262,라마다 플라자 제주 오션 프론트,10.0,시설도 깨끗하고 주변에 맛집도 많고 좋은 위치에 있어서 여행하기 좋았어요~^^
263,라마다 플라자 제주 오션 프론트,4.0,"와인 해피아워 패키지로 이용했는데 너무 불편했습니다. 한 잔씩 주문을 넣으면 가져다주시는 방식인데, 라운지에 상주하는 직원이 없다 보니 주문을 편하게 할 수 없었습니다. 몇 안되는 직원이 뷔페와 라운지를 다 관리하고 있고, 라운지에 손님이 많지 않아서 그런지 전혀 신경을 쓰지 않는 듯한 느낌을 받았습니다. 서빙도 너무 느리고 심지어 잘못 나오기까지 했구요. 이런 방식으로 운영되는 줄 알았다면 굳이 와인 패키지로 예약하진 않았을겁니다. 수영장 이용권이 포함이었고 사우나를 별도로 이용하려고 했더니, 사우나 이용료가 11,000원인 것도 이해가 가지 않았습니다. 수영장+사우나+헬스장 사용권 가격이 11,000원인데, 수영장 이용권을 포함시켜놓고 사우나를 추가했을 때 똑같이 11,000원을 받는 것은 약간의 눈속임 같다는 생각이 들었습니다. 그 외에 룸 컨디션은 나쁘지 않았습니다."
264,라마다 플라자 제주 오션 프론트,8.0,"약간 노후했지만 주변 상권과의 접근성이 좋고, 3층 온돌방임에도 오션뷰도 좋고 방이 넓어 좋았음"
265,라마다 플라자 제주 오션 프론트,10.0,마음에들었습니다.
266,라마다 플라자 제주 오션 프론트,10.0,출장 미팅이 취소되어 급히 예약하고 하루를 지냈는데 깔끔하고 조용해서 좋았습니다. 주변 방파제 따라 걷기도 좋고 시내가 가까워서 좋습니다.
267,라마다 플라자 제주 오션 프론트,10.0,수영장쿠폰을 주셔서 좋았습니다
268,라마다 플라자 제주 오션 프론트,8.0,호텔이 오래되긴했지만 관리는 잘되어있었어요~ 방도 좁긴했지만 아이들 2층침대가 있어서 아이들과 편안히 지냈습니다~위치도 이마트 근처라 좋았네요~^^
269,라마다 플라자 제주 오션 프론트,8.0,청결하고 접근성도 좋아서 만족합니다
270,라마다 플라자 제주 오션 프론트,8.0,올드한 느낌 말고는 전체적으로 깔끔하고 좋았어여
271,라마다 플라자 제주 오션 프론트,8.0,예약자 이름을 다른 사람 이야기를 했는데 어찌 찰떡 같이 알아들어서 신기했음 아이 구명조끼 두고갔다고 다시 연락주시고 친절했음 오래된 호텔인지 카페트 깔려있어 조금 별로였지만 다른걸로 커버된듯 함
272,라마다 플라자 제주 오션 프론트,6.0,다이닝서비스와 컨시어즈 교육상태는 특급이 아님
273,라마다 플라자 제주 오션 프론트,8.0,오래되어보여도 분위기있어 좋았아요. 비행기도 한밤중엔 안뜨니 괜찮고 아이가 좋아하니 나름 만족. 뷰도 좋고 동문시장가깝고 다 좋은데 화장실만 조금 아쉬워요.. 좀 더 프라이버시를 지켜주면 어떨까합니다..
274,라마다 플라자 제주 오션 프론트,8.0,공항이랑 가깝고 주변 다니기도좋구 청결도도 좋고 갠츈
275,라마다 플라자 제주 오션 프론트,10.0,아주 좋아요!
276,라마다 플라자 제주 오션 프론트,10.0,"객실상태 전체적으로 최상이고 침구가 푹신해서 너무 좋았어요 단 공항근처라 비행기가 5분마다 지나가서 그것빼곤 수영장,사우나 모두 좋았어요"
277,라마다 플라자 제주 오션 프론트,8.0,"방, 화장실은 크고 깨끗하게 정리되어 있어서 편안하게 사용했습니다. 다만, 화장실에서 가끔씩 냄새가 올라왔습니다."
278,라마다 플라자 제주 오션 프론트,10.0,항상 깨끗하고 좋아요
279,라마다 플라자 제주 오션 프론트,10.0,조식 맛있었어요 호텔 넓고 특히 욕조있어 피곤풀기 짱입니다 주차 너무 편리해요
280,라마다 플라자 제주 오션 프론트,8.0,비행기소리가 계속 났어요. 조용히 지내고 싶은 힐링족에게는 비추.
281,라마다 플라자 제주 오션 프론트,8.0,"Ramada Plaza might be No.1 Hotel in North Jeju Area back in the days... That's all I want to say~ You can find better, cleaner places with similar value."
282,라마다 플라자 제주 오션 프론트,8.0,가격대비 무난했습니다. 키즈룸이 좀 좁았다는거는 사실이고요.
283,라마다 플라자 제주 오션 프론트,6.0,숙소에서 오래된 냄새 나서 별로였어요
284,라마다 플라자 제주 오션 프론트,10.0,정말 멋있었어요. 진짜 좋은 방 주셨고 매일 깨끗하게 청소해 주셨어요. 매일매일이 감동이었고 행복했습니다. 방 안에서 일출 일몰 다 볼 수 있었다면 믿기시나요? 잊지 못할거 같아요. 주차공간도 아주 넉넉했어요. 동문시장도 걸어서 (15~20분 사이)갈 수 있을 정도로 가까웠습니다.
285,라마다 플라자 제주 오션 프론트,6.0,전체 적으로 좋다 조금 아쉬운점은 공항 하고 가까워서 그런지 항공기 이착륙시 객실로 들어오는 비행기 소리가 조금은 거슬린다
286,라마다 플라자 제주 오션 프론트,10.0,말해뭐해 굳 짐도 좋았고 방도 좋았어 해프닝이 있었는데 디너뷔페권으로 보상받았어요 강추염
287,라마다 플라자 제주 오션 프론트,6.0,
288,라마다 플라자 제주 오션 프론트,8.0,옷을 놓고 온줄 몰랐는데 먼저 연락이 오고 퀵서비스로 받았네요 감합니다 아쉬운점은 객실내 소파가 얼룩이 묻어있어서 더럽게까지 느껴져서 아쉬웠어요
289,라마다 플라자 제주 오션 프론트,10.0,시설이나 뷰도 좋지만 프론트 부터 하우스키핑 까지 모든 스텝의 서비스가 정말 최고였습니다!
290,라마다 플라자 제주 오션 프론트,10.0,
291,라마다 플라자 제주 오션 프론트,8.0,"치약칫솔이 미니바라서 놀랐네요; 하하; 다른건 다 좋았습니다. 오션뷰도 좋았고, 직원분들도 친절하셨구요. 침구도 깨끗했습니다. 짧게 다녀와서 1박 밖에 못했는데 다음엔 좀 더 길게 머물러보고싶네요."
292,라마다 플라자 제주 오션 프론트,8.0,바다 바로 옆이라 시원하게 지낼 수 있었다.. 일출과 일몰도 보기 좋았고 밤에 산책을 하기에도 좋았다.. 아침에 해무로 인해 독특한 분위기도 괜찮았다..
293,라마다 플라자 제주 오션 프론트,8.0,별로입니다 5성급치고는 ㅎㅎ
294,라마다 플라자 제주 오션 프론트,6.0,사진과 좀 차이가있고 오래된 느낌.. 서비스는 친절.. 다음에는 다른곳에서 묵고싶습니다.
295,라마다 플라자 제주 오션 프론트,10.0,여름전에 실내수영장 이용가능해요.. 오래된 느낌이지만 오성급 느낌 물씬합니다~
296,라마다 플라자 제주 오션 프론트,10.0,공항과 가깝고 넓직한 공간들이 맘에 들어 서울로 오기전 마지막 숙소로 이용중입니다. 이번엔 객실에 들어갔을때 환기가 좀 덜 된 듯 하네요. 나머지 기본적인건 다 만족합니다~ 덕분에 잘 쉬다 왔습니다~
297,라마다 플라자 제주 오션 프론트,10.0,전체적인 시설이 깔끔해서 좋았습니다. 편의 시설도 전반적으로 만족스러웠습니다.
298,라마다 플라자 제주 오션 프론트,10.0,방에 tv가 잘 나오지 않아 방을 변경해주셔서 즐겁게 잘 보냈습니다. 또 갈께요
299,라마다 플라자 제주 오션 프론트,10.0,깔끔하고 저렴한 편이었고 주차장도 편했어요 화장실도 넓고 욕조있어서 좋았습니다 다시 이용하고 싶어요
300,밸류호텔 월드와이드 서귀포 JS,10.0,위치 짱좋아서 주변 먹을거리 걱정 없네요. 이마트도 가까이 있어서 편의품 사기 좋았어요. 호텔도 깨끗하고 저렴한데 정말 좋아요.
301,밸류호텔 월드와이드 서귀포 JS,8.0,"오션뷰 예약했는데 흐린날씨여서 바다가 거의 안보였다. 일회용품이 적은것은 환경적인 면에서 좋았으나, 슬리퍼가 오래되어보여 조금 찝찝했다. 그치만 많이 신경쓰일 정도는 아님 그밖에는 무난하고 좋았다. 부모님은 조식도 괜찮았다고하고(빵 종류는 별로..), 소음도 적은편이었고, 택시도 잘 잡히고, 편의점이 1층에 있어서 편했다."
302,밸류호텔 월드와이드 서귀포 JS,2.0,타워주차장 이라서 잠시주차장소도 없고 차 빼는데 시간 허비 놀러가서 주차장 눈치만 ㅂ
303,밸류호텔 월드와이드 서귀포 JS,2.0,801호 주니어스위트룸 묵었는데 바닥이 카페트긴 하지만 방에 들어가자마자 곰방이 냄새때문에 쉬지않고 기침이 나올정도임 에어컨을 제일 낮은 온도로 돌려야 그나마 기침이 멎지만 그럼 체온조절이 어려움 결국 방을 바꾸긴했지만 더 낮은층의 방으로 옮겨야만했음 여기저기 많은 호텔 다녔지만 카페트 바닥의 호텔에서 이정도로 관리가 안된곳은 처음임
304,밸류호텔 월드와이드 서귀포 JS,10.0,가격이 저렴해서 큰 기대는 하지 않았는데 너무 깨끗하고 정말 만족한 1박이였습니다 변함없는 서비스를 기대하며...
305,밸류호텔 월드와이드 서귀포 JS,8.0,위치도좋고 객실컨디션도 좋았습니다 다만옆방인지 새벽2시까지 남녀가 계속 심하게 떠들더라구요 그래서 프론트에 연락해서 주의부탁드린다고 요청했는데도 불구하고 옆방은 새벽까지 개떠들고 덕분에 편히 자지못했습니다 그리그 욕실에 발수건에 피가 묻어있던데 타월 교체를 안하신건지 식겁했어요 으흠 위생청결 확인부탁드릴께요 그리고 스탠다드더블룸이 옆방건물때문인지 뷰가 아예없는데요 사실 새벽남녀떠드는소음이랑 피묻은 타월만 아니였어도 뷰정도는 커버될수있었는데 그렇게 만족스러운 투숙은 아니네요
306,밸류호텔 월드와이드 서귀포 JS,8.0,화장대 쪽에 불이 안들어와서 어두운 점이 아쉬웠지만 깨끗하고 좋았습니다~
307,밸류호텔 월드와이드 서귀포 JS,8.0,전체적으로 무난했어요
308,밸류호텔 월드와이드 서귀포 JS,10.0,교통이 불편한거 빼고 다 좋다
309,밸류호텔 월드와이드 서귀포 JS,10.0,서귀포 여행에 최고 적합합니다 가성비는 물론이고 청결상태도 좋고 위치도 좋아요 이만한 곳이 없네요
310,밸류호텔 월드와이드 서귀포 JS,10.0,유아동반 4인가족 2박 숙박했어요 가격도 저렴하고 위치도 너무 좋았어요. 객실도 깔끔했구요! 다만 수영장은 추가요금을 따로 받는다는점이 별로였어요 그래도 일주일 제주도 여행 기간동안 추가로 마지막날 다시 찾아와서 하루 더 묵을정도로 가성비 좋았던 호텔이였네요. 재방문 의사 있습니다.
311,밸류호텔 월드와이드 서귀포 JS,8.0,"깨끗한분위기에 가족끼리 쉬기에는 서귀포지역에서 가격대비 만족 조식메뉴는 다양해질 필요성 있습니다,"
312,밸류호텔 월드와이드 서귀포 JS,10.0,호텔 직원이 투숙객의 편의를 위해 아주 친절하고 객실은 깨끗하고 좋았습니다.
313,밸류호텔 월드와이드 서귀포 JS,8.0,세가족 가족 여행만족했습니다. 차올렸다 내렸다 해주시는것도 괜찮으나 많은사람들이 몰릴경우에는 미리 가서 차뺴놓으시는게 .. 정신적건강에 좋을듯합니다. 빨리빨리 경상도 사람은 15분도 엄청길게 느껴졌어요 .. 하지만 호텔상태나 청소 위생이런부분다 만족하였습니다. 가격대비 이정도면 아주 훌륭하다는 생각이듭니다. 조식은 간단하게 토스트에 .. 씨리얼정도 먹는느낌들었네요 뷔폐라고하기엔 초밥류가없어서 .. 많이 아쉬웠습니다 가볍게 먹기엔 괜찮았습니다. 마찬가지로 식당에 계신직원분들도 다 서비스좋으셨습니다. 다음에도 여행간다면 서귀포쪽 관광을한다면 다시한번갈생각이 있습니다.
314,밸류호텔 월드와이드 서귀포 JS,10.0,"디럭스 패밀리 트윈룸 8층이었는데요, 룸컨디션이나 오션뷰 조망이 매우 좋았습니다. 카펫이었는데 꿉꿉한 느낌 없이 깨끗했구요, 침구도 안락해서 잘 잤네요. 샴푸 등도 일회용품이 아닌 호텔구비 펌프식 용기라 환경적인 측면에서도 마음에 들었습니다. 위치도 좋아요. 다 마음에 들지만 처음에 예약변경 호텔이 해결해줘야할 문제가 있었는데 특정직원의 서비스 대응이 엉망이어서 2점 뺍니다. 그 외 나머지 직원분들은 친절하고 전문적이셨어요."
315,밸류호텔 월드와이드 서귀포 JS,10.0,"호텔 위치가 좋고, 침대도 매우 편안해서 아주 안락한 휴식을 취할 수 있었습니다. 그리고, 아침 조식도 매우 맛있어서 좋았습니다. 밤에 호텔에 도착해서 주차때문에 걱정을 했었는데, 기계식 주차장이긴 하지만 주차 담당자분께서 발렛파킹 해주셨기때문에 전혀 불편함이 없었습니다. 다만, 슬리퍼는 일회용이 아니어서, 일회용 슬리퍼가 제공된다면 더 좋을 것 같습니다. 직원분들도 아주 친절해서 전체적으로 아주 만족스러운 숙박이었습니다."
316,밸류호텔 월드와이드 서귀포 JS,6.0,위치가 생각보다 좋지 않았음 기계식 주차장인데 주차장 부족해서 발렛을 해주시는데 근처 공터에 주차 해놓음 비오는데 발렛하느라 아저씨들 너무 많이 고생하심 숙박비를 인상하고 주차문제를 해결해야함
317,밸류호텔 월드와이드 서귀포 JS,6.0,바다뷰로 큰방을 예약했는데 아주 저렴한금액에 예약해서 저도 만족하고 친구들도 만족했어요. 아침마다 흐리지만 바다보고 일어나니 좋더라구요 깨끗하고 안락하고 다 마음에들었어요 이틀째에 방문안열어서 좀 고생한거빼고요 (삼일예약했는데 .. 뭐 1박으로만 되어있다나 뭐라나... 여튼 키 다시 받아 올라가니 열렸어요) 그거 빼고 다 맘에들어요.
318,밸류호텔 월드와이드 서귀포 JS,8.0,차량주차 입. 출고의 불편함 외에는 모든것이 괜찮았습니다. 호텔의 위치도 여행하기 편리한곳에 있었습니다.
319,밸류호텔 월드와이드 서귀포 JS,6.0,배치가 좀 이상함... 화장실 용변볼때도 그림자가 다 보임 그래도 가성비 좋게 다녀왔음
320,밸류호텔 월드와이드 서귀포 JS,10.0,너무 깔끔하고 좋았습니다.
321,밸류호텔 월드와이드 서귀포 JS,10.0,작년 휴가때 갔다가 맘에 들어 이번 가족여행에 다시 이용했네요.근처에 먹을때 많구요.조금만 걸어가면 이 마트가있고.카트와 말을 탈수 있고요.서귀포 유명한 관광지 가깝구요. 호텔 내부 청결하고 직원들 친절하고요 발레바킹되는곳은 여기만 있는듯 해요. 치약.칫솔.면도기는 없으니 챙겨가시구요.잊으셨으면 1층에 편의점있으니 구입하시면되요. 다음에도 가면 또 이용할거에요^^
322,밸류호텔 월드와이드 서귀포 JS,10.0,가성비 위치 모든 면에서 perfect!!!
323,밸류호텔 월드와이드 서귀포 JS,10.0,깔끔하고안락합니다 주변에편의시설도많아요 직원도친절함
324,밸류호텔 월드와이드 서귀포 JS,10.0,깨끗하고 좋았습니다
325,밸류호텔 월드와이드 서귀포 JS,10.0,객실 깔끔하고 너무 좋았어요 조식은 글쎄요...1층 편의점에서 먹는걸 추천합니다 주차요원분들 너무 친절하세요
326,밸류호텔 월드와이드 서귀포 JS,10.0,깨끗해요! 호텔안에 주차타워 외에 별도 외부 주차공간 좋아요!
327,밸류호텔 월드와이드 서귀포 JS,10.0,일단 중국관광객들이 없어 좋았고요. 발렛주차와 카운터의 직원이 친절하고 방 컨디션도 좋았습니다. 다음에 올 의향 있습니다.
328,밸류호텔 월드와이드 서귀포 JS,10.0,위치도 좋고 객실도 좋았습니다. 조식은 생각보다 맛은 없었어요. 주변 상가가 많아서 편리했습니다
329,밸류호텔 월드와이드 서귀포 JS,8.0,"지리적 위치로 여행하기 좋으며, 주변 거리도 이쁘게 조성되었음."
330,밸류호텔 월드와이드 서귀포 JS,8.0,호텔이 아주 깨끗하고 좋아요
331,밸류호텔 월드와이드 서귀포 JS,10.0,가성비가 좋고 깨끗합니다. 출장시 다시 찾아 가는 곳입니다.
332,밸류호텔 월드와이드 서귀포 JS,8.0,직원도 아주친절하고 숙소도 깨끗합니다. 근데 헬스장에 기구들 전반적으로 기름칠좀 하셔야할 듯 유압관리가 안되서 좀 불편했네여 ㅠ 헬스장 이용안했더라면 별5개드렸을 듯!! 추천
333,밸류호텔 월드와이드 서귀포 JS,8.0,부대 시설은 이용하지않아 잘 모르겠지만 방은 꽤 넓고 깨끗합니다 잘 쉬다 갑니다 !
334,밸류호텔 월드와이드 서귀포 JS,10.0,깨끗함
335,밸류호텔 월드와이드 서귀포 JS,10.0,깨끗하고 편안했습니다. 교통편도 편리해서 좋았구요
336,밸류호텔 월드와이드 서귀포 JS,10.0,저희는 스탠다드로 했는데 가니까 한단계 업그레이드를 해주셨어요 룸 컨디션도 좋고 오션뷰가 아니였지만 멀리 바다도 보이고 건물이 다 낮아서 마치 해외에 온 기분이였습니다. 바로 밑에 편의점도 붙어있어서 참좋았어요 다음에 또 갈 의향이 있습니다~@!
337,밸류호텔 월드와이드 서귀포 JS,8.0,가격도저렴하고 위치도 상가밀집지역이고 이마트바로앞이라 가격대비가성비는짱입니다ᆢ칫솔 치약 면도기는 없으니 챙겨가세요ᆢ다음방문때도 여기다시가고싶네요ᆢ
338,밸류호텔 월드와이드 서귀포 JS,8.0,깔끔하고 좋았어요 바다가 보이는 쪽이라 그것도 만족합니다 주변이 조용해서 푹쉬었어요 다음에 또 이용할께요
339,밸류호텔 월드와이드 서귀포 JS,10.0,깨끗하고 넘 좋았어요 다음에 또 제주 여행가게 되면 꼭 다시 숙박할예정입니다
340,밸류호텔 월드와이드 서귀포 JS,8.0,"두번째 숙박하고 의견 작성합니다 개인적인 생각으로 뚜벅이 제주 여행에 제일 최적화된 숙소인듯합니다 위치가 서귀포 월드컵경기장에 위치하여 공항에서도 쉽게 접근할수있고 서귀포 터미널이 바로 있어 왠만한 버스는 월드컵경기장에 가니 버스타고 이동도 편합니다 근처에서 올래시장, 중문관광단지도 버스타고 금방 도착할수있습니다 방도 업그레이드 해주셔서 편하게 있다왔고 방청소상태나 다른것도 전반적으로 만족했습니다 호텔 조식도 아침메뉴 치고는 다양하게 나와서 먹을만하구요 가격도 착하니 다음에 제주 서귀포쪽 여행할때 또 묵을꺼 같습니다"
341,밸류호텔 월드와이드 서귀포 JS,8.0,업무상 출장겸 투숙했습니다. 호텔 컨디션은 주변 라마다나 동등하였으며 룸은 약간작음. 하지만 가격대비 잘지냈습니다. 바라는점은 저녁에 체크인을 하였으나.. 약간 불친절함. 좋은점은 편의점 및 음식점 또는 간편히 즐길수 있는 술집이 적당히 있습니다. 출장 및 연인과의 투숙은 좋을듯한데 가족단위 특히 어린자녀가 있으면 불편할것 같습니다.
342,밸류호텔 월드와이드 서귀포 JS,10.0,주차 관리인 불친절 함. 가성비는 좋음
343,밸류호텔 월드와이드 서귀포 JS,10.0,"서귀포에서 가깝고, 숙소 깨끗하고, 제반 서비스 굿~~"
344,밸류호텔 월드와이드 서귀포 JS,10.0,"1층에 편의점이 있는게 일단 너무 좋았고 주차가 조금 불편할꺼라는 리뷰를 보고 뭐 5분 정도 기다리는게 문제인가? 생각하고 갔는데 주차할때는 키 두고 올라가라고 하시고 발레파킹 해주시고 아침엔 다른 공간에 주차가 되있지만 봉고차 타고 차 앞까지 데려다 주시는데 걸리는 시간 1분도 안되요! 오히려 무지 편했어요~! 주차문제는 솔찍히 거의 없다고 생각할 정도로:) 모두 친절하시고 그리고 생긴지 얼마 안되서 그런지 몰라도 놀랍도록 깨끗해요! 이 가격에 이런 호텔? 가성비 끝판왕이죠. . Super clean, very kind There is a convenient store on the first floor. The price is so reasonable. Turn down service every day Valet parking What more can i ask?"
345,밸류호텔 월드와이드 서귀포 JS,10.0,다시 한번 사용하려구요
346,밸류호텔 월드와이드 서귀포 JS,8.0,"좋은 위치, 친절한 주차 서비스, 좋은 전망(바다 뷰), 깨끗하고 편안한 룸 컨디션 다만, 칫솔/ 면도기는 별도로 준비해야하는 점은 조금 불편했습니다."
347,밸류호텔 월드와이드 서귀포 JS,6.0,"첫날 늦게 체크인 했었는데, 숙소 청소 상태가 많이 안 좋았었네요. 테스크에 얘기하니 다음날 깔끔하게 청소해 주셨긴 합니다. 위치는 좋았습니다만, 좀 더 고객 입장에서 생각해 주는 호텔이 되었으면 합니다."
348,밸류호텔 월드와이드 서귀포 JS,8.0,2박동안 벽뷰..ㅜㅜ수건위생상태개선요망..이것빼고는 좋았습니다!!
349,밸류호텔 월드와이드 서귀포 JS,4.0,가성비가 좋고 사우나 시설을 이용할수 있어 만족하나 주차시설이 불편함. 조식의 내용이 부실함.
350,리코 리조트,10.0,"제주도가면 매번 오션뷰만 찾다가 새로운 곳으로 예약해서 갔는데, 사장님과 과장님 등 직원분들도 친절하시고, 덕분에 편안하고 즐거운 휴가 보내고 옴."
351,썬라이즈호텔 성산점,6.0,요즘은 가성비 좋은 호텔이 많아서 엄청 좋다 라는 후기에 공감은 안되는거같아요 쏘쏘였어요 뷰는 좋고 창이커서 밝은 느낌이들지만 화장대쪽에 불빛이 없어요 ㅠㅠ 그리고 에어컨이 신발장쪽에있어서 빨리 시원해지는 느낌이 아니예요 그래도 주차도 편하고 샤워실 화장실도 넓어요
352,썬라이즈호텔 성산점,10.0,위치가 좋고 깔끔했습니다 코로나로 인해 조식을 먹을 수 없는 것은 아쉬웠습니다
353,썬라이즈호텔 성산점,10.0,방이 편하고 창이 커서 좋았어요
354,썬라이즈호텔 성산점,10.0,섭지코지점보다 훨 좋았던거같아요! 서비스도 좋고 주차장도 넓은데 코로나때문에 조식이 안된다는 점만 좀 아쉬울뿐이였어요.
355,썬라이즈호텔 성산점,8.0,제주 성산읍 지역 여행 및 출장에는 적합합니다.
356,썬라이즈호텔 성산점,10.0,좋았습니다 그런데 폼클렌징이랑 칫솔도구가 없는게 아쉬웠어요 ㅠㅠㅠ 알고 챙겨가시면 좋을 것 같아요! 성산일출봉도 완전 근처에 있어서 위치접근성도 좋습니다!
357,썬라이즈호텔 성산점,6.0,"비교적 청결하였으나, 목욕수건(보통 사이즈)을 1장당 5천원씩 추가로 받음... 수건을 추가비용 받는것은 황당함..."
358,썬라이즈호텔 성산점,10.0,다 좋은데 주변에 편의시설이 없어요
359,썬라이즈호텔 성산점,8.0,잘 자고 갑니다 생각보다 깔끔하고 조식도 간단하게 잘차려져서 좋았읍니다 주변 경관도 매우 좋아서 다음에 이용하고 싶네요
360,썬라이즈호텔 성산점,8.0,전체적인분위기도 좋았고 뷰도 좋았어요.다만 복도 소독약 냄새?가 조금 강해서 조금 줄였으면 했어요
361,썬라이즈호텔 성산점,10.0,성산일출봉도 보이고 깔끔하고 좋았어요 ㅎㅎ
362,썬라이즈호텔 성산점,8.0,성산에서 일출을 보기 위해서는 꼭 이 숙소에서 묵어야 합니다. ^^ 거리가 가까워요. 주변 편의 시설도 좋구요.
363,썬라이즈호텔 성산점,2.0,"완전비추. 연박이었음. 배정된방이 엘베근처라 첫날 소음대박이라 하나도 못잠. 연박이라 방교체원한다 하니, 연박인 방과 아닌방 클리닝방법이 다르다며 방 재정비 돈달라함. 전날바꿔달라할땐 아무말 안함. 결국 아예 짐 다 싸서 체크아웃하고 오후에 다시 체크인함. 기존 배정된방과 아닌방 둘다 침대시트 구멍나있었음. 방도 좁은편. 오션뷰도 답답함. 외국인 많고 단체많음. 다른데가길 추천함."
364,썬라이즈호텔 성산점,10.0,가격대비 상당히 만족하네요 다른 호텔처럼 어메니티가 없어서 아쉽지만 원래 저희 부부는 개인적으로 구비해서 다니기에 불편함은 없었네요 아주 쾌적하게 쉬었다가 왔습니다
365,썬라이즈호텔 성산점,6.0,아직 새것의 냄새가 좀 나서 환기가 필요할 것 같습니다. 나머지는 괜찮았어요~
366,썬라이즈호텔 성산점,6.0,호텔 옆 씨유가 있으나 아침 일찍 문을 열지 않아 불편했음. 부분 전망이라고 했는데 성산일출봉이 보이지 않아 아쉬웠다.
367,썬라이즈호텔 성산점,6.0,사진으로 봤던 바닷가가 보이는 뷰도 아니고 좁아서 추가금액지불하고 방을바꿨습니다. 날씨가 눅눅해서인지 침대시트는 눅눅하고 카펫이 깔려있어 신발을신고 다녀야하고 잠을자는데 에어컨때문인지 상당히건조하여 이틀내내 감기걸린듯 목과 코가 답답해 잠을 잘 못잤네요.. 다시 묵으러 이곳까지 오지않을것같습니다. 그래도 청소하는아주머님 친절하십니다.
368,썬라이즈호텔 성산점,8.0,"숙소는 깔끔하고 정돈도 잘 되어있있습니다 예약관련 사전 안내 등도 친절하게 잘 받았습니다 숙소 주변 식당가는 조금 이동이 필요하며, 옆 건물에 CU가 있습니다. 다음에 성산 숙소를 잡을 때 다시 이용할 예정입니다"
369,썬라이즈호텔 성산점,8.0,좋았어요 하지만바람이 너무 많이불어서 ㅠ주변도좋았어요
370,썬라이즈호텔 성산점,8.0,테이블이 방에 비해 너무 작았지만 방은 넓고 괜찮았습니다
371,썬라이즈호텔 성산점,8.0,"숙소 선택할 때 침대 컨디션을 많이 따지는 편입니다. 이번 숙소는 우리 가족이 좋아하는 침대 형태여서 좋았습니다. 조금 단단한 침대를 좋아하시는 분께 추천... 조식은 큰 기대 하지 않으시면 .... 주차장은 넉넉한 편이지만, 주차장 진입에 어려움이 있었습니다. 진입로 안내판이 멀리서 보았을 때 잘 보이지 않아 몇 바퀴 돌고 진입을 했습니다. 2층 맨 끝이었는데, 소독 문제인지 모르지만 복도에 냄새가 꽤 났습니다. 상쾌한 냄새는 아닙니다. 객실 2중창이 아니어서 5월 초 한기를 느낄 수 있습니다."
372,썬라이즈호텔 성산점,10.0,주차공간 좋구요 일몰을 볼 수 있는 방을 이가격에 예약할 수 있다니 넘 좋았습니다ㅎㅎ
373,썬라이즈호텔 성산점,10.0,전망도 운치 있고 주변이 조용 해서 편한했으며 펀의시설도 성산 일출봉도 가까워서 좋았습니다 베드 상태도 깨끗하고 쿠션감도 좋으며 전체적으로 컨디션이 좋은상태라 만족합니다
374,썬라이즈호텔 성산점,6.0,방은 컸습니다. 욕조가 있어서 피로풀기 좋았습니다.
375,썬라이즈호텔 성산점,8.0,"성산 일출봉, 우도에 가까워 편리합니다. 객실은 매우 깨끗하고 직원들도 아주 친절하며 주차가 매우 편리했습니다. 단지 조식이 차가운 음식위주로 나와서 아쉬웠지만 전복죽은 최고로 맛있었습니다."
376,썬라이즈호텔 성산점,8.0,깨끗하고 깔끔해서 쉬는데 편했어요. 트윈룸이 없으니 더블룸이 불편할 수 있어요.주변에 식당이 많지만..직접 찾아보고 선택하시는게 좋겠어요
377,썬라이즈호텔 성산점,10.0,다른곳보다 넓고 좋네요 별4.5 인테리어는 최신은 아닌듯 4.2 바다가 보여서 좋네요 조식은 기본만 있어요 4.0
378,썬라이즈호텔 성산점,6.0,호텔이 아직은 리모델링 중이 었습니다. 주변에 성산일출봉이 매우가까워 좋았습니다. 룸이 매우 깨끗했습니다만 침대 시트가 딱딱한 느낌이어서 불편했씁니다.
379,썬라이즈호텔 성산점,8.0,복도에서 냄새가 좀 났지만 룸은 괜찮았어요. 세면도구는 챙겨가세요 성산일출봉서 정말가깝고 바로 앞이 바다예요 조식 포함된 착한가격이라 좋았어요
380,썬라이즈호텔 성산점,8.0,가격대비 나쁘진 않지만 썩 괜찮지도 않은 편인듯해요 가격이 중요하시면 이용할만한 호텔일 듯 싶어요
381,썬라이즈호텔 성산점,10.0,전반적으로 만족했어요.깨끗하고 조용하고 바다 전망이라 더 좋았네요. 직원분도 친절하시고 조식도 괜찮았습니다. 가격대비 좋아요!! 다음에도 성산지역에 간다면 또 이용하고 싶네요.
382,썬라이즈호텔 성산점,8.0,성산일출봉에서 일출을 보기 위해 하루 머물렀던 호텔입니다. 제주 시내에 있는 호텔보다는 확실히 방과 욕실이 넓어서 이 점은 좋았지만 발수건이 따로 없이 인당 수건이 2장씩만 주어지는 것은 살짝 불편했습니다. 그래도 다음에 다시 갈 의향 있습니다.
383,썬라이즈호텔 성산점,10.0,시설이 깨끗하고 좋았습니다~ 아쉬운건 바닥이 카펫바닥이라서 애들이 바닥에 뒹굴면서 놀지 못했습니다~^^ 전체적으로 좋았습니다
384,썬라이즈호텔 성산점,8.0,"복도에 카페트에서 나는 이상한 냄새 빼곤 다 좋았어요! 위치도 좋고 주변 맛집도 좋고,성산일출봉도 가까워서 매우 만족했어요"
385,썬라이즈호텔 성산점,10.0,엄청 깨끗하고 모든 침구와 가구(?)가 새 것이었어요. 직원분들도 친절하시고 조식도 좋았습니다. 조식은 양식류이고 한식이라고는 딱 전복죽뿐이어서 부모님이 조금 아쉬워하셨지만 나머지 음식 모두 생각 이상으로 좋았어요! 위치도 바로 바다가 보이는 곳이라 좋았습니다 ㅎㅎ
386,썬라이즈호텔 성산점,10.0,깨끗하고 친절하고 좋았어요!
387,썬라이즈호텔 성산점,10.0,아침에 침대에서 성산일출봉 해 뜨는 모습을 볼 수 있어서 좋았습니다
388,썬라이즈호텔 성산점,8.0,전망이 좋았어요~~성산일출볼 10분 거리에요.
389,썬라이즈호텔 성산점,6.0,"전체적으로 문안하였습니다. 가격대비 문안했고, 아쉬운점은 구비물(치약,칫솔 등) 미포함 되어 좀 그랬어요."
390,썬라이즈호텔 성산점,8.0,가격대비 너무 좋았어요 조식도 금액 조금 추가해서 먹을 수 있어요
391,썬라이즈호텔 성산점,8.0,"전반적으로 깨끗하고 분위기도 좋았네요 다만 아쉬운점은 비품이 구비가 잘안되있어서 조금 아쉬웠습니다 예를들어 컵,세면도구등"
392,썬라이즈호텔 성산점,10.0,good location and nice sunrise view in the morning
393,썬라이즈호텔 성산점,8.0,"주차장도 넓고 뷰도 좋음 505호에 묵었는데 성산일출봉이 잘 보였고, 스파욕조가 있어서 피로를 풀기도 좋았음!"
394,썬라이즈호텔 성산점,8.0,"조식도 깔끔했고, 무엇보다 객실이 넓어서 좋았어요~"
395,썬라이즈호텔 성산점,8.0,"오래된 건물이지만, 주인의 부지런햠과 깔끔함이 돋보이는곳! 그냥 여관같은 분위기지만, 가격대비 편하게 쉬고 갈수있는곳이다."
396,썬라이즈호텔 성산점,10.0,"성산일출봉과 가까워서 아침에 가보기 좋고, 우도 선착장과도 가까워서 성산일출봉과 우도를 하루 스케줄로 잡기 딱 좋은 호텔이었어요. 그리고 호텔도 깨끗하고 방 크기도 2명이서 사용하기에 충분했습니다."
397,썬라이즈호텔 성산점,10.0,그냥 하루 묶으면서 지내기 무난한 숙박이었습니다.
398,썬라이즈호텔 성산점,8.0,나쁘지 않음 무난했어요. 조식은 별로임.
399,썬라이즈호텔 성산점,10.0,"* 제주도 네비가 업그레이드가 안되서, 섭지코지로 안내해요.. 섭지코지점 성산일출봉점 두개가 성산에 있어서 내비 믿고 가면 안되요. 주소 확인 하고 찾아 가세요... 그런 사람들이 많다고 애기 해주더라고요.. 네비가 업그레이드가 안되서 그렇다네요...객실은 일류 까지는 아니더라도 좋아요 깨끗하고. 일회용품은 챙겨 가세요.. 거기서 1000원에 구매 가능도 해요.칫솔두개, 스폰지 이것만 있어요..직원들도 친절하고... 조식은 조금 못함. 그냥 간단히 먹을려면 괜찮고, 아니면 사발면을 간단하게.. CU 편의점이 옆쪽으로 10M 정도 덜어져 있어요..주인 아줌마 친절...최고"
400,썬라이즈호텔 성산점,8.0,숙박은 대체로 만족 조식이 조금 미흡 한 듯
401,서머셋제주신화월드,10.0,좋은시설에 잘쉬었습니다. 특히 부엌에있는 시설들이 많이 좋았습니다. 다만 단점이라면 저희 가족이 지내는 4층이 수압이 많이 약해서 조금 불편하더군요. 전반적으로 좋았습니다
402,서머셋제주신화월드,10.0,매우만족합니다! 시댁식구들과 어머님 환갑으로 다녀왔는데 정말 넓고 좋았습니다. 좋은 추억 담고 가요.
403,서머셋제주신화월드,8.0,"숙소가 좋았지만,"
404,서머셋제주신화월드,10.0,대체로 훌륭했어요. 2가족이상 여행시 아주 좋아요. 탐모라수영장 수영장도 넘 좋아요.
405,서머셋제주신화월드,8.0,넓고 쾌적하고 편하게 가족 여행 가기에 너무 좋아요. 아기 침대 대여도 가능해요. 아기 욕조는 대여가 안되서 챙겨갔어요. 단점은 앞 뒤 집 뭐하고 있는지 다 보여요. 커텐 닫고 있지 않으면 앞집 사람 뭐하는지 너무 잘 보여요. 손 씻을때 세면대 수도가 너무 안쪽에 있어서 불편한 점. 안방 화장실 구배가 안맞아서 씻고 나오면 바닥에 물이 참방참방 고여서 다음날이되도 그대로 빠지지 않아요. 에어컨이 키면 꺼지는 현상이 있어서 데스크 연락드렸더니 바로 와서 고쳐주셔서 좋았어요.
406,서머셋제주신화월드,6.0,"비가 오는 시기에 묵었어요 방은 크고 넓고, 바닥은 보일러가 들어와있어 꿉꿉함 없이 잘 쉬었습니다 다만 단지가 너무 넓고 차량이동 동선도 깔끔하지 않아서 좀 헤맸구요, 조식먹으러가는것도 불편했어요. 또 드래스룸에는 기다란 머리카락이.. 룸시설은 훌륭했으나 가격대비 전체적으로는 좀 불만족스러웠어요"
407,서머셋제주신화월드,10.0,너무 조아요
408,서머셋제주신화월드,10.0,방과 거실이 넗직하고 맘에 듭니다. 세탁기와 모든 잡기 등 포함되어있어서 좋았습니다.
409,서머셋제주신화월드,8.0,넓은 객실이 제일 맘에 듭니다. 장기투숙하기에 좋을듯 합니다. 샤워기 물이 사방으로 흩어져서 좀 불편했고 샴푸 린스 등이 별로였습니다. 대체적으로는 맘에 듭니다.
410,서머셋제주신화월드,10.0,부모님과 함께한 가족여행인데 모두 만족했던 숙소예요 가족이 많아서 숙소 두개예약했는데 바로 옆이라 왔다갔다하며 잘 지내고 왔습니다
411,서머셋제주신화월드,10.0,숙소 너무 좋아요.. 그런데 궁금한 점은 절대로 물어볼 수가 없어요. 직접 찾아가야 해요 데스크로.. ㅋ 다른 건 너무 좋았어요 편의시설도 대체로 가까운 편이구요 워터파크 등도 가기 좋았아요~
412,서머셋제주신화월드,10.0,침구류 깨끗 구석에 먼지 많음 주방 깨끗함
413,서머셋제주신화월드,10.0,"동생네가족과 2박3일 묵었는데 어린아이와 함께 하기엔 최고인것 같네요. 아기들이 셋이여서 서머셋으로 선택했는데 숙소내 기본 취사 도구가 있어서 너무 편했구요 온돌방이 있어서 아기와 함께 자기에도 편했습니다. 마트나 음식점들을 이용할때에는 무조건 차를 타고 이동해야 하는 점이 조금 불편했지만 숙소내에서의 생활이 편해서 매우 만족합니다. 또한 저녁 늦게, 이용시 불편을 점을 말씀드렸는데 바로 피드백 주시고, 여러 모로 신경써주셔서 너무 감사드렸어요. 다음에 제주도에 여행가게 된다면 또 서머셋을 이용할것 같아요~"
414,서머셋제주신화월드,10.0,기대가너무컸지만 실망도크지않은호텔이었어요~방이 넓어 좋습니다
415,서머셋제주신화월드,10.0,"말이필요없는 호텔,, 청결 위치 서비스 3박자가 고루 갖추어져 있습니다"
416,서머셋제주신화월드,10.0,만족합니다. ㅎㅎ
417,서머셋제주신화월드,10.0,"직원분도 친절하셨구 청소상태도 좋았습니다 매리어트,랜딩관 다 이용해 봤는데 서머셋이 제일 마음에 드네요 다음부터 서머셋만 이용하려구요~ ^^ 감사합니다."
418,서머셋제주신화월드,10.0,저렴한금액으로 이용하게되었는데 아주만족합니다 객실도넓고 깨끗했습니다
419,서머셋제주신화월드,10.0,숙소입구를 찾지 못해 첫날은 뱅뱅 돌았지만 우리집같이 편히 잘 지내다 왔습니다.
420,서머셋제주신화월드,10.0,저렴한 가격에 온가족이 스테이했어요~모두 만족했구 깨끗해서 너무 좋았어요~^^
421,서머셋제주신화월드,6.0,청소미비 물품분실 에어컨고장등 문제가 있었지만 직원들이 잘 해결해 주었다
422,서머셋제주신화월드,8.0,편안하게 잘 쉬다가 왔어요.
423,서머셋제주신화월드,10.0,가족여행~~~ 부모님 작은엄마 작은엄마 이모 이렇게 보내드렸는데 너무좋다고. 계속그러시내요 다음에도 제주도 가시면 여기로다시가신데요 시설좋고 넓고 좋다고 그러세요
424,서머셋제주신화월드,8.0,가족여행가기 좋습니다. 평일에는 신화월드내 식음료점들 대부분이 문을 안 연점 빼고는 전체적으로 다 좋았습니다.
425,서머셋제주신화월드,6.0,단지내 커피샵 베이커리카페 편의점 식당등 편의시설이 골고루있어 편했지만 객실내청결상태와 환기상태는 별로였다
426,서머셋제주신화월드,10.0,체크인할때 아주 친절히 맞이해셔서 기준이 좋았습니다. 가족여행었는데 부모님 아이들 다 방이 너무 좋다고 좋아했습니다. 시설만보면 제주도 1등입니다!!!
427,서머셋제주신화월드,10.0,너무 만족한 여행이였습니다.
428,서머셋제주신화월드,10.0,너무너무 좋았어요! 대가족여행에 딱이에요
429,서머셋제주신화월드,8.0,세탁기도 있고 건조기도 있어서 편의성의 참 좋았는데... 먼지를 제거할수있는 걸레나 청소도구가 좀 부족했네여~
430,서머셋제주신화월드,10.0,대체적으로 숙소정말 좋았습니다. 나중에 한번더 오고싶어요 ㅎㅎ 아쉬운점은 전화로 카운터나 그런연결이 없어서 좀 아쉬웠어요
431,서머셋제주신화월드,10.0,"호텔스닷컴 크레딧으로 묵었습니다. 주말임에도 불구하고 코로나 때문인지 숙박비가 엄청 저렴했어요. 체크인도 엄청 친절했고, 방 컨디션도 매우 좋았습니다. 깨끗하고 물도 2리터짜리 2병이나 있었구요. 침구도 너무 안락해서 집떠나면 잘 못자는데 여기선 엄청 푹 잘잤네요. 우리집이었으면 좋겠다는 생각을 했습니다. 몇 박 더 머물고 싶었는데 1박만 해서 아쉬웠고, 코로나때문에 수영장이 문을 닫아 메리어트쪽 수영장을 이용해야해서 그 점은 좀 아쉬웠습니다. 아마 이 가격으로 나오지는 않을거 같은데 다시 한 번 머물고 싶은 곳이네요."
432,서머셋제주신화월드,10.0,오픈한지 오래되지 않아서 깨끗했어요 직원분들도 친절했고 간단한 요구조건도 잘 들어줘서 좋았습니다 ~! 제주에 간다면 또 가도록 할게요 !
433,서머셋제주신화월드,10.0,완전 강추예요. 가족여행으로 묵었는데 다음에도 숫박하려구요
434,서머셋제주신화월드,6.0,내부 시설 안내에 대한 안내도나 설명이 부족해요
435,서머셋제주신화월드,8.0,서머셋은 독립형이라서 가족단위 숙박에 아주 좋아요. 시설이 잘 되어있네요.직원분들도 친절해요.
436,서머셋제주신화월드,10.0,침대도 안락하고 거실도 넓어서 가족여행하기 너무 좋네요 작은방 하나는 남편혼자쓰라고하니 너무 좋아했어요 아이도 넓어서 좋다고하네요 분리수거는 직접 다 해야되구요 아직 코로나 때문에 탐모라 수영장 이용못하고 메리어트호텔 실내수영장 이용했는데 수영장에 저희가족밖에 없어서 더 좋았네요
437,서머셋제주신화월드,8.0,매일 청소해주면 좋겠습니다
438,서머셋제주신화월드,10.0,직원분들도 친절하고 아주 좋습니다.
439,서머셋제주신화월드,10.0,"시설 넓고, 깨끗합니다. 청소상태 일품입니다. 직원들 친절합니다. 호텔이 아닌 넓은 공간에서 지내기에 이만한곳이 있나 싶습니다. 신화월드 단지내에서 식사도하고 지내기에 편합니다. 서쪽권역 관광지 어디든 접근이 좋습니다. 솔직히 좋은곳입니다. 또갈겁니다. 저번에도 갔었구요"
440,서머셋제주신화월드,6.0,크고넓은곳 콘도개념을 찾는다면 좋습니다 하지만 호텔개념이나 호캉스 차원이라면 너무기대하진 않고 가시길요
441,서머셋제주신화월드,8.0,많족해요
442,서머셋제주신화월드,10.0,깨끗하고 넓어서 아이들 데리고 여행하기 너무 좋았어요~ 리조트 안에 편의시설도 많고 음식점도 많아서 너무 좋더라구요~
443,서머셋제주신화월드,10.0,가족과 함께한 휴가 깨끗하고 넗고 주방집기 까지 완벽하게 되어 있네요 너무 즐거운 여행입니다 여름에 또가겠습니다~
444,서머셋제주신화월드,10.0,좋았습니다
445,서머셋제주신화월드,10.0,깔끔하고 편안한. 함께 또 따로
446,서머셋제주신화월드,10.0,"서비스 대비 숙박비가 비싸지만, 가족 인원수가 많다면 호텔보다는 좋다는 생각입니다. 직원분들 친절도 최고임."
447,서머셋제주신화월드,8.0,가족여행으로는 추천 드립니다. 하지만 청소는 3일에 한번가능하고 할인가가 아니면 올 수 있을지 모르겠습니다. 중국인을 대상으로 만든 느낌이 많았습니다. 위치도 조금 애매 해서 1주일 이내 단기 여행이라면 가족여행이 아닌이상 그냥 중문쪽으로 잡을 것 같습니다.
448,서머셋제주신화월드,10.0,가족 여행으로 이용했는데 숙소 좋았어요 규모가 너무 엄청나서 이동을 차로 해야됐지만 장 미리 봐서 들어와서 이용해서 불편함은 없었습니다 방 3개 모두 안락하고 사람들이 많지 않아 시끄럽진 않았어요
449,서머셋제주신화월드,8.0,"전반적으로 시설은 아주 고급이고, 주변 환경은 아주 쾌적하고 조용합니다. 단지 위치가 중문 및 서귀포, 그리고 바닷가와 멀리 떨어져 있어 교통상 불편이 크므로 참고하시기 바랍니다."
450,서머셋제주신화월드,10.0,넓고 깨끗한 실내가 마음에 무척 들었습니다. 커시어지와의 소통도 좋았고 전반적으로 맘에 들었습니다
451,코업시티호텔 성산,6.0,"방안에 들어갔을때 냄새가 좀 났었어요~ 방향제를 뿌리신건지 모르겠는데, 되게 시큼한 냄새였어요! 창문 열고 환기 시키니까 괜찮아지긴 하더라구요. 그리고 바닷가쪽이라 그런지 바람소리가 잘들리더라구요. 그거만 빼면 좋았어요~"
452,코업시티호텔 성산,10.0,방은 조금 작은 듯 하지만 훌륭합니다. 서비스가 만족스럽습니다. 조식은 현장 구매했고 정가 15000원이었는데 할인기간이라 12000원에 결재했습니다. 위치가 좋습니다.성산일출봉까지 걸어갈 수 있어요. 무료 세탁시설이 있어요. 조식은 평범하지만 적당합니다. 약간의 한식도 있어요. 두번째 방문이고 다음에 또 머물생각이 있어요. 한가지 아쉬운것은 밤늦게 들어가면 주차하기 힘들 수 있아요. 1층에 편의점있어요.
453,코업시티호텔 성산,10.0,"도보로 성산일출봉과 성산항을 다닐 수 있어서 좋았고, 주위가 관광지라 먹을 곳과 편의점이 다양해서 좋았습니다. 호텔도 깔끔했고 불편함 없이 지내다 왔습니다."
454,코업시티호텔 성산,10.0,제주성산일출봉근처 최고가성비호텔 날씨안좋음 굿이 일출뷰 산쪽하실필요없어요
455,코업시티호텔 성산,10.0,아주 마음에 들었습니다.
456,코업시티호텔 성산,10.0,위치 및 가성비 최고입니다^^
457,코업시티호텔 성산,10.0,정말 안락하고 쾌적했습니다 다음에도 이용할꺼에요 굿굿굿
458,코업시티호텔 성산,10.0,건축년도가 15년이라 시설이 너무나 깨끗 너무 깨끗하기 땜시 더 바라게 되는 마음 객실은 다소 협소한데 우리처럼 잠만 자고 조식만 해결하는 용도로 딱 1층 세븐일레븐도 넘나 깨끗 성산일출봉도 가깝고 조식은 한식+양식 뷔페임 객실이 원룸 정도 크기이기 때문에 호텔에서 오래머물 생각으로 가시면 크게 불편 4인이 머물다 갑니다
459,코업시티호텔 성산,6.0,성산 근처에는 이만한곳이 없는것같아요. 주차도 편하고 방도 깨끗한 편이에요. 조식도 먹어봤는데 할인해서 9천원 이하라면 먹을만하니 참고하세요. 사진은 숙소 발코니에 찍은건데 전면으론 성산일출봉 우측으로는 바다가 보여요.
460,코업시티호텔 성산,10.0,깨끗해요
461,코업시티호텔 성산,8.0,특히 바닥이 마루로 되어 있어서 깨끗해서 좋있어요
462,코업시티호텔 성산,2.0,직원들은 매우 친절하나 객실 상태가 너무 안 좋았습니다 벽면에 이상한 자국들과 특히 화장실 벽면 아래 등등의 곰팡이들 .. 위치는 좋지만 다신 숙박하지 않을것 같습니다
463,코업시티호텔 성산,10.0,바람이 많이 부는 날이었지만 성산일출봉뷰가 예술이었습니다.
464,코업시티호텔 성산,6.0,2년전 방문후 가성비 좋은 호텔이라 갔는데~ 좀 좁아도 재방문 했습니다. 그런데 모기 때문에 잠을 하나도 못잤네요~ 그전날 바닷가 바로앞 비오는날 투숙했던 펜션에서도 없던 모기였는데~ 호텔에 모기라니~ 체크인후 바로 룸에들어가 왔다 갔다도 없이 잤는데~ 그렇다면 원래 있던모기~ 청소시 모기약이라도 한번씩 뿌려두시지~ 지금까지 모기물힌곳이 간지럽고~ㅠㅠ 생각하니 또 화가 나네요~ 밤에는 프론트 서비스도 안되고 모기약도 없이 밤새 물리고 모기 잡느라 잠을 하나도 못잤어요~ 제주여행 마지막날 밤이였도 심지어 날도 좋았는데~ 이눔에 모기때문에~ 모기생각밖에 안나네요~ 모기가 있을수는 있어요~ 하지만 모기가 호텔에 있다는건 청소상태를 의심케 하네요~ 모기약이라도 구비해서 서비스 하시든지~
465,코업시티호텔 성산,2.0,"바닷가 앞이긴한데 부분적으로 보여 경치는 그닥이었고, 액자에 붙어 죽어있는 모기를 비롯하여 욕실 샤워기에 붙은 머리카락도 제거가 안되어있었고, 침실 배게커버에 큰 얼룩도 제대로 안빠진 채였고 배게와 이불커버에 구멍난것도 그대로 제곳되었더군요. 환불요청했고 그날 다른숙소 구해나갔네요."
466,코업시티호텔 성산,10.0,"모든것이 최고입니다. 직원분들 체크인하는데 친절해서 기분이 좋았고, 업그레이드까지 시켜주셔서 매우 좋았습니다. 룸 컨디션도 나쁘지않고 매우 조용합니다. 성산일출봉이 가까워서 산책하고, 근처에 음식점도 많아서 움직이기 좋았고, 루프탑전망대에 오르면 성산일출봉이 보이는게 정말 최고였습니다."
467,코업시티호텔 성산,8.0,"객실이 전체적으로 조금 작아서 큰 객실로 했는데 여긴 빈공간은 많았지만 침대가 더블밖에 없어서 아쉬웠습니다. 트윈으로 있었으면 더 좋았을거 같고, 가장 아쉬웠던 부분은 보통은 욕실에 칫솔 치약 없는 곳은 많이 있어서 이했지만 비누외에 아무것도 없는게 아쉬웠습니다. 화장솜면봉이나 빗 등등 욕실에 사용하는 용품이 하나도 없었고 비누도 비누 두는 곳이 없어서 세면대에 놓고 썼는데 그부분이 아쉬웠습니다. 그리고 샤워하고 있으면 엄청 습해져 환풍기가 없는게 아쉬웟지만 문을 열면 또 빨리 바닥이 건조해져서 다행이엿습니다. 그래도 청소를 깨끗이 잘해주셔서 좋았습니다."
468,코업시티호텔 성산,8.0,"성산에서는 위치, 시설 다 좋은 호텔.. 성산일출봉과 가까워 산책으로 둘러보기도 좋고 도보 거리에 식당도 많아 편리합니다. 1층에 편의점도 있어 편합니다. 세면대가 화장실 바깥에 있는 게 물이 튀어 선호하지 않지만 그 외에는 가성비 좋고 친절한 호텔이라 잘 묵었습니다."
469,코업시티호텔 성산,10.0,서울에서 37년 대학친구들과 3박 4일간 서귀포시 일대를 돌면서 -코업시티호텔만 이용했는데 --일단 첫째로 깨끗함이 좋았고 가격도 모바일예약해서 만족했음 -예전에 함덕에서도 코업시티호텔 이용한적있었음 다음에도 여행지에 코업시티호텔 이용할것임
470,코업시티호텔 성산,10.0,직원들이 친절하고 서비스 좋아 다음에 또 이용하고싶습니다. 객실도 조용하고 깨끗했어요~
471,코업시티호텔 성산,6.0,네네네
472,코업시티호텔 성산,10.0,아주 깨끗하고 친절하고 안락했어요 혼자 여행하기에도 무섭지 않고 하나로마트 등 가게들도 많고 성산일출봉도가까워서 산책하기 좋았어요 루프탑테라스도 좋구요 다시 머물고 싶어요
473,코업시티호텔 성산,8.0,"두번째 방문했는데, 언제가도 가격대비 훌륭한 컨디션의 호텔인것 같습니다. 다음에도 또 이용할거에요."
474,코업시티호텔 성산,6.0,그냥 모든것이 중타. 청결도 친절함도 모두
475,코업시티호텔 성산,8.0,전체적으로 만족스럽고 다음에도 방문 예정입니다. 한가지 아쉬웠던 것은 화장대 옆 선반 부분에 먼지가 쌓여있던 것입니다. 눈에 잘 보이는 곳인데 조금만 신경써주시면 좋을 것 같아요.
476,코업시티호텔 성산,6.0,"3년전 갔었을 때 방도 좋았고, 서비스도 좋았었는데, 이번에는 조금 실망했습니다. 화장실은 정비가 제대로 안되는지 동네 여관 정도의 관리수준을 보여줬어요. 외형과 직원들의 성의에 반하여 호텔 하드웨어가 조금 많이 부족해 보입니다."
477,코업시티호텔 성산,8.0,가성비 대비 극히 만족합니다
478,코업시티호텔 성산,10.0,직원분들이 굉장히 친절했습니다 감사했습니다
479,코업시티호텔 성산,10.0,여행의 편안함 물도잘나오고 전반적으로 청결도 좋고 잘쉬다가왔습니다.
480,코업시티호텔 성산,10.0,"가성비 좋습니다. 깨끗하고, 공간도 여유로왔습니다. 성산일출봉쪽 룸에 머물러 뷰도 좋았습니다."
481,코업시티호텔 성산,8.0,옆방 소리가 너무 잘 들려요
482,코업시티호텔 성산,8.0,"전체적으로 좋았습니다. 주변경관도 좋았고요, 편의점도 좋았습니다. 다만 객실 내에 의자라도 하나있었더라면 하는 작은 아쉬움이.."
483,코업시티호텔 성산,10.0,5월인데도 날씨가 추웠어요. 온돌 난방 작동이 안돼서 얘기하니 온풍기를 가져다주셨어요. 다행히 따뜻하고 편안하게 지냈습니다. 성산일출봉이 도보로 10분이내이고 일출을 보러갔는데 너무 좋았습니다. 시설도 깨끗해요~~~
484,코업시티호텔 성산,10.0,good
485,코업시티호텔 성산,8.0,"전반적인 상태 양호했으며, 직원 친절했고 조식 부페식으로 나왔는데 괜찮았습니다. 숙소 컨디션도 괜찮고요 방 구조를 잘 사용했더라고요 성산일출봉 근처에 간다면 다시 갈껍니다."
486,코업시티호텔 성산,10.0,친절히고 깨끗하고 저렴해서 매번와서 이용중 벌써 6박이상했음
487,코업시티호텔 성산,10.0,가격대비 너무 깨끗하고 안전감을 느낄 수 있는 숙소라고 생각되고 좋았습니다.
488,코업시티호텔 성산,10.0,두번째 이용했구요 가격 대비 모든게 좋습니다. 아침에 일어나면 성산일출봉 바닷가 산책 주변환경이 좋습니다.
489,코업시티호텔 성산,8.0,가족여행으로 가격대비 만족합니다
490,코업시티호텔 성산,8.0,"괜찮았어요.. 호모텔 합친 느낌 ㅎㅎ 저렴하니까요,,, 바다도 보이는 뷰!!! ㅋㅋㅋ 업그레이드 해주셨어요,ㅎㅎ 가성비굿. 침대도 깨끗하고 편하고 좋았네요."
491,코업시티호텔 성산,6.0,"바다뷰라고 해서 예약했으나, 뒷부분이였으며, 옷걸이 시설이 흔들거리고 별도의 옷장이 없어 불편, 침구류와 샤워장에 머리카락이 그대로 있었고, 세면대의 경우 화장실과 분리되어 좋았으나 거울이옆에 붙어 있어 불편, 조식은 가격대비 좋았음."
492,코업시티호텔 성산,10.0,"교통, 위치 편안함 숙소가 좀 작긴 하지만 편안하게 쉴수있었음"
493,코업시티호텔 성산,4.0,별로... 벽에 불결한 자국들이 너무 많고 청소하는지 의문이.. 청결도는 동네 모텔수준.
494,코업시티호텔 성산,10.0,깨끗하고 친절하고 만족합니다.
495,코업시티호텔 성산,8.0,숙소가 너무 적어서 동선이 불편했다
496,코업시티호텔 성산,8.0,"성산일출봉과 접근성이 뛰어나고 우도이도오 용이함,고객 세탁실이 있어서 유용했다.그러나 로비에 있는 편의점 개점 시간이 짧아 약간의 불편함이 있다"
497,코업시티호텔 성산,10.0,it offers the best view and coziness. also it is very close to Mt.
498,코업시티호텔 성산,10.0,상당히 만족스런 여행이었습니다. 방도 깨끗하고 조식도 좋았습니다
499,코업시티호텔 성산,2.0,"일주일전 코업시티 서귀포에서 숙박했었죠. 그곳에서 만족스러워서 이번주는 성산으로 갔지만, 체크인하고 객실 들어서는 순간 락스냄새가 진동하고 욕실에는 아무것도 없어서 순간 당황. 저번주 서귀포 생각하고 아무런 준비없이 갔던 저희 부부는 모든걸 구입했어야했죠. 드라이기만 있더군요. 머리빗이없어서 프론트가서 빌려달라했더니 없다고. 구입하셔야한다고... 아무리 저렴한 가격이지만, 조식또한 서귀포 코업시티와는 너무나 차이나더군요. 참고로, 저는 제주도민입니다. 와이프가 임신해서 호텔조식먹고 싶다해서 주말마다 호텔에서 숙박하는데, 코업시티 성산은 누가간다하거나 추천해달라하면, 절대 말리고 싶습니다. 임신한 와이프를 위해 그곳을 선택한 제가 너무 미안하더군요. 차라리 집이 훨씬 낫겠다 싶은 생각이...."
500,코업시티호텔 성산,10.0,진심 조용히 진심 청결하게 진심 행복하게 진심 즐겁게 숙박하고 갑니다. 아주 편리했어요. 물론 아침식사도 너무너무 맛있게 잘먹었어요. 정말 잘 지내다 갑니다.
501,더 베스트 제주 성산 호텔,10.0,가성비 좋은 호텔입니다 단 인건비 문제로 가성비호텔이 그러하듯 동남아 분들을 청소서버로 씁니다. 교육이 필요할듯..
502,더 베스트 제주 성산 호텔,6.0,"청결하지않고 편의시설이 떨어짐 특히 조식을 따로 신청해서 먹었는데 개판임, 뒤에 한식집이 조식을 하니 참고하시길"
503,더 베스트 제주 성산 호텔,10.0,전체적으로 만족했어요. 9층에서 성산일출봉이 보이는 뷰가 아주 좋았어요. 루프탑 풀은 생각보다 별로... 조식 부페도 깔끔 만족...
504,더 베스트 제주 성산 호텔,10.0,호텔 상태도 좋고 위치도 만족하고 모든부분이 좋았습니다.
505,더 베스트 제주 성산 호텔,8.0,위치도 좋고 대중교통과 접근성도 좋고 경치도 좋은데 한가지 아쉬운점은 청소상태및 청결도와 안내데스크의 친절도및 신속성이 좀 아쉽다
506,더 베스트 제주 성산 호텔,6.0,주차 안내하여 주시는 분이 계셔서 안전하게 주차 할수 있었고 대체로 편안한 호텔 였어요
507,더 베스트 제주 성산 호텔,8.0,고층이면 성산일출봉이 보일거 같은데 저층이라서 윗부분만 보였습니다. 위치도 좋고 위에 수영장도 있어서 좋네요!
508,더 베스트 제주 성산 호텔,8.0,깔끔합니다
509,더 베스트 제주 성산 호텔,10.0,"1층에 편의점 있음, 조식은 푸드코트 같은 느낌에 마무리 정리는 셀프, 지하 주차장 좁음, 일출봉에서 가까움, 대로 근처라 약간 시끄러움"
510,더 베스트 제주 성산 호텔,8.0,"침구류 깔끔, 화장실 깔끔, 조용히 쉬기 좋았습니다 어차피 바다는 볼곳이많아서 시티뷰로했습니다. 조식추가해서 먹었는데 9.9 치고 나쁘진 않았구여.. 큰 기대를 안해서 ㅎㅎ 비즈니스 출장 숙소로 좋습니다."
511,더 베스트 제주 성산 호텔,8.0,욕실 습시 냄새가 조금 올라왔었음
512,더 베스트 제주 성산 호텔,6.0,잠만 잔다고 생각하면 됩니다. 침대는 좀 불편해요.
513,더 베스트 제주 성산 호텔,2.0,"On the bedside table, I felt something really sticky, then on the lamp as I touched to turn it on. I picked up my phone that was on the table, it was full of slime, which I still don't know what it was. It was such a gross feeling, still yet. The hotel cost me more because it is supposed to have an ocean view. But basically there was a glimpse of ocean that was very far away. You would basically have a parking lot view. The hotel doesn't provide any coffee, even mixed coffee. So bring your own if you are a coffee drinker. They don't give you any info on wifi login info. When I asked, they said you should know when you look at your phone...How am I supposed to know?? When I asked some sightseeing information, the front desk lady said, I should google it to find out. What a service..."
514,더 베스트 제주 성산 호텔,10.0,"급하게 숙소를 예약하면서 큰 기대를 하지않은 상태로 숙소에 도착했는데 예상보다 훨씬 마음에 들었습니다. 직원분들도 친절하게 맞이해주시고, 로비 및 전체적인 시설이 깔끔하고 좋았습니다. 특히 1층에 편의점이 있어 더 편했던것 같습니다. 객실도 가성비를 생각했을 때 최고였습니다. 다시 성산으로 숙소를 잡을일이 있다면 다시 이용을 해야겠다는 생각이 들 정도로 만족했습니다."
515,더 베스트 제주 성산 호텔,10.0,룸도 크고 깨끗하고 이 가격에 이런 호텔이면 굳이죠. 주차하기도 편했고 주차장도 넓어서 좋았어요
516,더 베스트 제주 성산 호텔,10.0,깔금하고 괜찮았어요...
517,더 베스트 제주 성산 호텔,8.0,가성비로 선택한 숙소은데 좋았습니다.
518,더 베스트 제주 성산 호텔,10.0,"조용하고 청결한 숙소, 직원분들의 서비스도 촣았어요~~"
519,더 베스트 제주 성산 호텔,10.0,"싱글침대 두개인 트윈룸 예약했는데, 더블 침대랑 싱글침대인 방으로 무료 업그레이드 해줘서 좋았어요. 깨끗하고 안락한 룸 컨디션 좋았어요. 다만 바닥 카펫이 조금 축축했는데 보완이 필요할 듯 하네요. 성산 일출봉과 가깝고 1층에 편의점도 있어서 편리한 호텔 좋아요"
520,더 베스트 제주 성산 호텔,10.0,기본으로 안락하고 편안한 호텔입니다. 가격도 저렴하고요 ! 소음없이 편하게 쉬었어요 린스 없다는 것 / 조명마스터가 화장실 앞에 있는것 / 화장용 거울이 없는것 / 콘센트가 침대에서 조금 애매한 위치에 있다는건 단점 입니다
521,더 베스트 제주 성산 호텔,10.0,"위치, 가격, 룸상태 전부 만족입니다"
522,더 베스트 제주 성산 호텔,8.0,깨끗하고 전망 좋고 위치도 좋아서 찾아가기 쉬웠어요. 작지만 아래 세븐일레븐 편의점도 있고 주변에는 맛집도 많아서 밥 먹기도 좋았던 곳이에요. 그런데 샴푸랑 바디워시가 너무 빳빳해서 비누로 머리를 감는 기분이었어요.. 너무 머리가 엉키고 뻣뻣해져서 힘들었어요.. 꼭 샴푸나 바디워시 챙겨가시고 일회용 칫솔을 1000원주고 사야해서 이것도 챙겨가시는 게 좋을 것 같아요.
523,더 베스트 제주 성산 호텔,6.0,바닥이 카펫이라 방에 들어갔을때 좀 퀴퀴한 냄새가 났습니다. 에어컨을 틀고나니 나아졌지만 환기에 신경써야 할듯합니다. 호텔 옥상에서 성산일출봉이 보여서 뷰는 정말 좋습니다.
524,더 베스트 제주 성산 호텔,2.0,깔끔한건 좋았습니다. 다만 4인가족이 가는데 2인실하고 똑같은 상황이라는게 싫어요 그럴거면 2인실 2개를 예약했을거에요. 가격은 2인실보다 비싼데 이게 뭔가요? 침대가 더블이라고 하기에는 방 사이즈 자체가 동일하고 거기에다 침대만 다른 수준이라서 너무 좁고 힘들었어요. 그냥 잠만 자기위한 공간같았습니다 2인까지만 추천하고 그 이상은 추천하지 않아요.
525,더 베스트 제주 성산 호텔,10.0,저렴하게 친구와 함께 숙박을 이용했습니다. 벌써 2번째인데 만족합니다.
526,더 베스트 제주 성산 호텔,10.0,가격대비 가성비 최고였습니다. 다음에도 또 이용하고 싶네요
527,더 베스트 제주 성산 호텔,10.0,아주 가성비 만족 숙박
528,더 베스트 제주 성산 호텔,6.0,먼저 다른 비슷한 가격대 호텔에 비해 위치는 살짝 아쉽지만 오션뷰는 괜찮습니다. 먼저 침구가... 너무 바스락바스락 거립니다. 다른사람 움직이는 소리뿐 아니라 제 몸이 움직이면서 나는 이불 바스락소리에 잠이 5시에 깼네요. 공간이 좁습니다. 침대 발밑쪽에서 벽까지가 짧아서 탁자를 대각으로 노력해놨지만 좁은건 좁아요.
529,더 베스트 제주 성산 호텔,8.0,"제주 동쪽 여행하기 좋은 위치에 있고,객실도 깨끗하고 방음 잘되서 3박 편하게 있다 갑니다."
530,더 베스트 제주 성산 호텔,8.0,가격대비 숙소 괜찮은거 같아요. 성산일출봉도 가까워서 아침산책 겸 갔다오고 좋았어요~
531,더 베스트 제주 성산 호텔,10.0,"깨끗하고 시설도 모두 만족스러웠으나 세면도구 (칫솔,치약 등) 미제공은 아쉬움"
532,더 베스트 제주 성산 호텔,10.0,깨끗해서 기분 좋고 편안하게 하룻 밤을 보낼 수 있었습니다. 다음에도 가고 싶은 고...
533,더 베스트 제주 성산 호텔,8.0,"위치와 서비스, 가성비가 괜찮았으며 기회가 되면 다시 이용할 의향이 있습니다. 다만 식사 메뉴는 좀 더 개선되었으면 합니다."
534,더 베스트 제주 성산 호텔,8.0,좋아요~~성산일출봉이 보입니당
535,더 베스트 제주 성산 호텔,10.0,위치 객실상태 직원 친절도 최고였습니다 가성비 최고인 듯
536,더 베스트 제주 성산 호텔,6.0,카패트 냄새가 심함
537,더 베스트 제주 성산 호텔,8.0,앞전에 가족여행에서도 묵었던 곳인데 가격에 조용하면서도 걸어서 해변도 볼수 있고 멀리 보이는 성산일출봉도 볼수 있어서 편하게 즐기기 좋았습니다
538,더 베스트 제주 성산 호텔,6.0,방음이 안되요
539,더 베스트 제주 성산 호텔,10.0,깨끗하고 친절하고 싸고^^
540,더 베스트 제주 성산 호텔,8.0,전반적으로 다 만족스러웠지만 오샨뷰 라고 하는 방이 오샨방향뷰....바다가 너무 멀어서 보일듯 말듯...그리고 화장실 유리문이 가족숙박으로는 조금 어린 아이드도 같이 있는데...
541,더 베스트 제주 성산 호텔,8.0,무난한 호텔
542,더 베스트 제주 성산 호텔,8.0,4인가족이라 잠자는것 빼곤 객실안에서는 아무것도 못할정도록 작네요 답답하고 도심뷰라고 그럴싸하게 말만 적어놨지 앞에 그냥 빌라가 딱 커텐안치면 앞집과 인사해요
543,더 베스트 제주 성산 호텔,10.0,뭐 불평할것없이 다좋았네요. 잘때 환풍기소리가좀 들리긴하는데 저는 둔감ㅇ한편이라 자는데 문제 없었음 조식은 나가기 귀찬으면ㅇㅋ인데 저는 개인적으로 나가서 먹는게 더 좋다고생각....
544,더 베스트 제주 성산 호텔,10.0,침구류깨끗하고 좋아요! 머리카락 먼지 안보였어요 무엇보다 샤워할때 수압 굿! 드라이기도 바람 빵빵! *아쉬운점: 전자렌지는 일층 편의점에서 이용해야되요
545,더 베스트 제주 성산 호텔,10.0,집안 일로 내려왔다가 친척집에 머무르는게 예의가 아닌 시기라 성산 호텔에 머무르고 올라갑니다. 14개월 아기가 있어서 많이 걱정했지만 월풀 욕조가 있어 아기가 물놀이를 할수 있기에 더할 나위 없이 좋았고. 만족하고 갑니다. 아침에 일어나 커튼을 치면 창밖 뷰또한 그동안 지친 일상을 어루만져 주는 느낌입니다. 코로나가 지나가면 진짜 제주를 만나러 다시 올 생각입니다... 제주는 천국이네요. 코로나로 부터 모든지역이 안전하길 빕니다.
546,더 베스트 제주 성산 호텔,10.0,주변에 맛집도 많고 성산쪽 일정이라면 위치좋고 가성비 좋아요
547,더 베스트 제주 성산 호텔,10.0,가격대비 아주 좋았습니다
548,더 베스트 제주 성산 호텔,6.0,물내려가는 배관 소리인지 환풍기 소리인지 계속 소리가 나고 특히밤에 더 많이 들립니다. 올레길 1.2 코스 혹은 성산봉 가시는 분들에게는 교통이 좋습니다. 샤워실이 유리라 연인이 아니면 불편하실 수도....블라인드 미리 쳐놓고 하시는 걸 추천드립니다. 1층에 편의점 있어서 편리합니다. 호텔앞 구이집은 개인적으로 비추. 흡연은 안되지만 베란다에서 흡연하시는 분들도 계시더군요. 흡연자들에겐 의외로 좋을 수도.
549,더 베스트 제주 성산 호텔,8.0,룸은 깨끗하고 넓어서 마음에 들었으나 취침시 어디서들리는 지는 알수 없었으나 소음이 지속적으로 들렸음
550,더 베스트 제주 성산 호텔,10.0,아주 만족합니다. 청결하고 양호하고...100점
551,호텔케니스토리 제주연동,10.0,객실도 청결히 관리되어 있어 좋았습니다
552,호텔케니스토리 제주연동,10.0,직원도 친절하고 객실도 깨끗하고 좋았습니다. 다음에 다시와도 예약할것같아요!
553,호텔케니스토리 제주연동,10.0,침대는 푹신하고 시설은 깔끔했습니다. 다만 에어컨을 작동시켰을 때 냄새가 좀 났습니다. 이 부분만 보완된다면 완벽하지 않을까 싶습니다
554,호텔케니스토리 제주연동,10.0,
555,호텔케니스토리 제주연동,10.0,"공항하고 가까워서 좋았어요 아쉬운건 주차장 ....^^ 다들 똑같나 봐요,,,,,"
556,호텔케니스토리 제주연동,10.0,공황과 가까워서 좋았고 직원들 친절하고 깨끗하고 특히 안좋은 냄새가 나지 않아서 진짜 좋았어요 전 냄새에 민감하거든요 주차장이 횡단 보도를 건너서 가야 한다는게 단점이라면 단점이예요(비가와서 쪼끔 불편정도)
557,호텔케니스토리 제주연동,10.0,
558,호텔케니스토리 제주연동,10.0,위치도 좋고 침구도 편해요 가격도 저렴하게 잘 잤습니다
559,호텔케니스토리 제주연동,10.0,"방, 욕실, 로비 모든 곳이 깔끔하고 깨끗했습니다. 가격대비 최고의 숙소라고 생각합니다. 주변이 번화해서 맛집도 많은 것 같고, 제주시에서 묵어야 한다면 추천하고 싶습니다. 주차장이 길 건너편에 있어서 좀 불편할 수도 있지만, 감안하더라도 다시 묵고 싶은 숙소네요. 좋은 기억남기고 왔습니다."
560,호텔케니스토리 제주연동,8.0,청소상태는 아주 좋았어요. 다만 에어컨과 카펫에서 냄새가 좀 나서 코를 막게됐어요. 또 오고가는 투숙객의 소음이 좀 신경쓰였습니다.
561,호텔케니스토리 제주연동,8.0,깨끗하고 편히 잘쉬다왔어요
562,호텔케니스토리 제주연동,8.0,적당히 잘만했어요.
563,호텔케니스토리 제주연동,10.0,편하고 좋았습니다. 공항에서도 가깝고 주변에 식당도 많구요
564,호텔케니스토리 제주연동,10.0,가성비 최고입니다 ㅎㅎㅎ 추천합니다!!
565,호텔케니스토리 제주연동,8.0,만족합니다. 다만 주차가 불편해요 길간너편에 주차장이 따로 있어서 짐이 많으면 불편합니다.
566,호텔케니스토리 제주연동,10.0,"빠른 체크인, 체크아웃 공항에서 가까워서 매우 좋아요. 전용 주차장도 넉넉하고 좋습니다. 뒤에 공원과 바오젠 거리, 롯데면세점, 신라면세점 등 가까워서 좋아요. 매번 올때마다 숙박하네요"
567,호텔케니스토리 제주연동,10.0,두번째 방문입니다! 제주여행의 마지막은 항상 이곳에서!!~~^^ 공항과 가깝기도 하고 가격도 착하고!! 깨끗하고 너무 좋아요~~^^ 이번에는 가격만보고 선택했는지 일반객실이더라구요ㅠㅠ 저번에는 스위트여서 욕조와 소파 등 넓어서 너무 좋았어용!
568,호텔케니스토리 제주연동,10.0,쥬니어승더트에서 묵었는데 금고도있고 욕조에 넓은객실 모두 만족한 잠자리였습니다. 단 주차장이 떨어져있는것과 밤늦게는 주차자리가없는것은 단점이네요.
569,호텔케니스토리 제주연동,10.0,아주훌륭하고 싸고 좋았습니다 다음에도.여기 이용할것.같습니다
570,호텔케니스토리 제주연동,8.0,주변에 편의점이 가까히 있어 필요품을 구매하기 쉬운 장점은 있으나 식당이 별로없어 근접식시는 어려울 듯 합니다.
571,호텔케니스토리 제주연동,6.0,예약 확인 및 룸배정 과정에서 카운터 여직원분의 사무적이며 화난듯한 냉냉한 대응에 당황했어요 잘못한게 없는데...
572,호텔케니스토리 제주연동,10.0,"우선 들어서자마자 나는 생각은 깔끔하고 로비가 조금 작은 것 뿐 그 이상도 이하도 아니었는데 직원 분들이 매우 친절하셔서 정말 좋았고 결제 실수가 있었지만 정중한 사과와 빠른 대처로 잘 마무리 됐음. 객실은 정말 깔끔하고 옷장도 있고 플러그도 많고 화장실도 쾌적함. 침대는 더블을 사용했는데 흔들림이 많아서 한 명이 움직이면 고스란히 움직이는 게 느껴질 정도? 나머지는 칫솔, 치약이 없는 것과 샴푸가 좀 빳빳한 느낌? 린스 필수ㅎㅎ... 이것들 이외에는 위치도 좋고 객실도 안락하고 편안하며 가성비는 정말 최고였던 곳으로 기억에 남음. 하우스 키핑분들도 놔둘건 놔두고 정리 엄청 센스있게 하심. 아주 만족함. 테이블과 의자 구조가 약간 아쉽지만 편했음. 재 방문 의사 - 다음에 제주도 또 들리면 여기 오지 않을까..."
573,호텔케니스토리 제주연동,8.0,가성비 최고에 -깔끔 조용 좋았어요 주변 가걸도 많구요
574,호텔케니스토리 제주연동,8.0,"호텔과 주차장의 위치가 달라서 혼동이 되었던 것 외에는 좋았습니다. 넓지 않지만 효율적인 공간배치, 비교적 안락한 침구류, 호텔 주변의 다양한 식당들과 편의점을 밤 늦게까지 이용할 수 있습니다."
575,호텔케니스토리 제주연동,10.0,깔꿈하니 좋습니다. 가성비 굿
576,호텔케니스토리 제주연동,10.0,"우선 위치가 별5개입니다. 시장과 도보 5분거리에 있고 근처에 코인노래방, 볼링장, 은행, 식당 모든게 다 있는것 같아요. 룸 컨디션도 흠잡을 것 없이 좋았고 가격대비 좋은게 아니라 그냥 좋은 호텔이고요, 직원분들고 매우 친절하시고 일처리가 빨라서 좋았습니다!"
577,호텔케니스토리 제주연동,2.0,"주차: 전용 주차장 크기가 널널함, 매우 좋았음 방 크기: 너무 좁음. 심지어 의자도 한 개임. 그래서 사와서 먹을 때 너무 불편했음 방 구조: 신발을 신고 들어가야하는 방식임, 침대 밑으로 바로 신발을 신어야하는데 바닥에 깔린 카페트?의 색깔이 때가 껴있음. 바로 위생에 대한 걱정부터 듦 불편한 점1: 방에 꽂는 콘센트 대부분이 한국식이 아닌 중국식임 그래서 돼지코 충전기 사용에 불편함 불편한 점2: 세면도구에 대해 일절 제공해주지 않음(샴푸 바디워시 제외)"
578,호텔케니스토리 제주연동,8.0,간단히 하룻밤 묵기에 좋음
579,호텔케니스토리 제주연동,8.0,"공항에서 가까우며, 이동이 편리합니다.. 주차장이 떨어져있어 불편한거 빼곤 대체적으로 무난한호텔."
580,호텔케니스토리 제주연동,2.0,화장실 비데아님.. 침대시트에 먼지 잔뜩 묻어있음.. 카펫과 바닥에 알 수없는 형형색색의 얼룩이 비위를 상하게 만듦.. 히터가 동작되는 에어컨에서 먼지가 우수수 떨어짐.. 12층을 배정받았으나 창문을 열면 바로 벽이.. 여태껏 묵은 호텔중에 제일 청결 최악임 4성급이 이래도 되나 싶음
581,호텔케니스토리 제주연동,10.0,잠깐 숙박만 하려고 저렴한 곳으로 구했는데 가성비 상당히 괜찮네요. 잘 묵다 갑니다.
582,호텔케니스토리 제주연동,8.0,깨끗하고 조용하고 교통이 아주 편리했슴 침구가 아주 편안해서 꿀잠잤네요 어매니티 부실함이 너무 마음에 걸리는것 외에 다른 불편함은 없슴 샴푸 린스 바디 밖에 없으니 참고하시길. 큰 욕조 덕에 주변에 있는 올리브영에서 입욕제사서 한라산 다녀온 여독을 해결할 수 있어 좋았슴 패밀리스위트 조식은 무난했고 호텔 전체가 딱 필요한것만 갖춘 무난무난 스타일 중국인들이 애용하는 듯 침구가 꽤 안ㄹ
583,호텔케니스토리 제주연동,10.0,"공항에서 가깝고 위치가 매우 좋습니다. 근처에 편의점, 뒤에 공원도 있고 적당히 식당이나 술집도 있어서 다른데로 이동할 필요가 없었습니다. 호텔 내부도 청결하고 좋았어요. 다음에 제주시에서 숙박할 때 또 찾을 예정입니다"
584,호텔케니스토리 제주연동,10.0,"출장 때문에 혼자 왔는데 굉장히 만족스러웠어요! 화장실 정말 깔끔하고 샤워시설도 만족스러웠고, 더블룸이었어서 침대도 넓고 혼자 뒹굴거리기에도 좋았어요ㅎㅎ 뷰는 없었지만 딱히 필요하지는 않아서 괜찮았어요. 유일한 단점은 바닥 무늬가 정신사납다....?"
585,호텔케니스토리 제주연동,10.0,깨끗하고 친절 ^^
586,호텔케니스토리 제주연동,10.0,숙소도 깔끔하고 직원도 친절했습니다. 다만 주차장과 호텔과의 거리가 있는 것은 조금 불편했습니다. 길을 두 번 건너야 함
587,호텔케니스토리 제주연동,8.0,주차장 찾는게 조금 까다로워서 헤맷는데 건너편에 호텔전용인 유료 주차장이 있더라구요!! 거기에 주차하면 된다 하더라구요 그거만 참고하면 편했습니다~~^^ 칫솔은 없어요~~^^
588,호텔케니스토리 제주연동,10.0,생각보다 번화가에 있었어요 이동하기 편리했고 조식도 맛있었습니다. 전반적으로 아주 만족이에요! 아 주차타워는 길건너에 있는데 전기차 충전기가 있어서 편하게 사용했습니다
589,호텔케니스토리 제주연동,10.0,가성비 좋은 호텔입니다. 고급 호텔과 비교하려면 끝도 없지만 가격대비 깨끗하고 있을것 다있는 호텔입니다
590,호텔케니스토리 제주연동,8.0,이제까지 다녔던 숙소중에 가장 넓었어요. 저렴한 가격으로 찾은 편인데도 욕실도 갖춰져있어 여행 후 몸담그고 몸을 풀 수 있어 좋았습니다. 다음에 또 찾고싶어요^^
591,호텔케니스토리 제주연동,10.0,주자장이 따로 있어서 다소 불편한 점 외에는 대체로 깔끔하고 편했습니다. 가성대비는 최고. 제주에 또 가게되면 다시 숙박하고 싶은 마음 있습니다.
592,호텔케니스토리 제주연동,10.0,저렴한 가격에 놀라고 깔끔한 시설에 또놀랐어요.. 직원분들도 친절하시고 대만족입니다
593,호텔케니스토리 제주연동,8.0,그냥 조용히 쉴수있는 비지니스호텔 느낌 가족여행은 주변동선과 안맞음 주차장이 건너편 주찾다워에 있어 불편
594,호텔케니스토리 제주연동,10.0,"the room type that i booked is junior suite, it is very good for us, big and comfortable. Location is pretty good, 5 mins walk to lotte duty fee and Yeon-dong. But the carpark is not near hotel, it needs to walk around 2 mins"
595,호텔케니스토리 제주연동,10.0,It was very close to the airport
596,호텔케니스토리 제주연동,8.0,首先飯店位置是好的，剛好位於蓮洞商圈附近，走路過去只要五分鐘，逛的吃的都很多，房間基本上還算感覺，只是隔音不太好，樓上走路都聽得見導致影響睡眠，再來覺得很可惜的是飯店櫃台很冷漠，尤其是兩個帶眼鏡的男櫃台人員，態度比打掃阿姨還冷漠十幾倍，打掃阿姨至少很親切，退房時請櫃台幫忙叫車竟然要兩萬元韓幣，機場到飯店大概五分鐘車程，從機場到飯店坐車只要七千左右的韓幣，飯店做過去叫車卻貴了三倍，一樣是大型計程車卻差這麼多，貴就算了只能當是春節期間給司機賺，但1/29早上值班的男生櫃台服務人員態度真的讓人覺得很冷漠，這麼大的飯店員工素質應該更要求一點，而不是一付高高在上的樣子，唯一失望的服務。
597,호텔케니스토리 제주연동,6.0,印象最深的是床鋪非常好睡！櫃檯人員也十分親切有禮。 不過房內空間不太大，且地毯蠻髒的，有很多明顯的污漬！清潔度並不是很好。
598,호텔케니스토리 제주연동,10.0,
599,호텔케니스토리 제주연동,10.0,
600,호텔케니스토리 제주연동,8.0,
601,오션스위츠 제주호텔,4.0,복도에 에어컨이 틀어져 있지 않아서 객실로 가는 동안 너무 습하고 더웠고 이불에서는 곰팡이 냄새가 났어요
602,오션스위츠 제주호텔,6.0,"일단 체크인하자마자 객실변경하였습니다. 전에 투숙객의 약이 뭉태기로 나와 시국인만큼... 교체를 하였고, 침대 머리부분은 자다가 한번 넘어져서 얼굴을 부딪쳤네요. 뭐.. 나머지는.. 그냥 호텔정도입니다."
603,오션스위츠 제주호텔,10.0,깨끗한 객실 다만 에어컨이 너무 시끄러워 잠을 설쳤습니다-^^ 구제주 여행을 위한 저렴한 숙소로 추천합니다
604,오션스위츠 제주호텔,8.0,커튼이 암막커튼이 아니라서 아쉬웠습니다.
605,오션스위츠 제주호텔,8.0,세월의 흔적은 어쩔 수 없는 호텔입니다. 그런데 조식은 가성비가 매우 좋습니다. 합리적인 가격에 바다 실컷 보고 갑니다!
606,오션스위츠 제주호텔,6.0,음...일단 위치는 좋아요 방은 그냥 적당히 깔끔한편 그리만 새벽까지 방파제에서 음악틀고 노는 젊은층때문에 시끄러워서 잠을 못잠
607,오션스위츠 제주호텔,10.0,좋았습니다. 가성비 탁월
608,오션스위츠 제주호텔,10.0,"항공사 직원들도 많이 보이고, 탑동이라 그런지 근처 맛집도 찾아보면 쏠쏠히 있습니다. 공항도 가깝구요. 편리함으로 했을때 이만한곳도 없지 싶네요"
609,오션스위츠 제주호텔,6.0,공항서 가깝고 바다 앞에 있고 서비스가 좋아서 정말 자주 이용하는 호텔입니다. 이번에 이불과 베개에서 쉰나가 났어요. 속솜도 세탁좀 해주세요
610,오션스위츠 제주호텔,10.0,출장가서 패밀리 트윈룸에 묵었습니다. 거실에 베드 2개가 있고 독립된 온돌방이 함께 있어서 4명까지 편안하게 지낼 수 있어 가성비가 좋습니다. 위치도 공항과 가까워서 만족합니다.
611,오션스위츠 제주호텔,10.0,방도 깨끗하고~왠만한 세면도구는 치약과 칫솔빼고 모두 구비되어 있어요...일단 바다가 보이는 곳으로 해서 영상을 찍으니 바다위에 떠 있는 호텔 느낌이였어요~밖으로 나가면 계단식으로 바다를 등지고 앉아서 시원한 바람을 맞으면 맷주 한캔 넘 좋습니다.^^강추 입니다!!
612,오션스위츠 제주호텔,8.0,전반적으로 만족해요 시설이 좀 노후되긴했고 예전 호텔이여서 주차공간도 좁고 한데 그래도 바다뷰도 좋고 괜찮았어요
613,오션스위츠 제주호텔,8.0,"제주여행 마지막 일정엔 딱 인 호텔입니다. 공항과 접근성도 좋고 근처에 흑돼지거리 동문시장 이마트 등 있어서 편리했습니다. 조식도 무난한편~! 유리창이 좀 지저분하고, 화장실 비데가 많이 흔들거리는 등 살짝 아쉬운 점도 있지만 재방문 의사 있습니다."
614,오션스위츠 제주호텔,10.0,위치 및 서비스 모두 좋습니다
615,오션스위츠 제주호텔,6.0,일단 사진에서 본 뷰랑 가보니 달랐다. 그래서 패밀리룸으로 한건데.. 그냥 일반 뷰좋은방으로 옮겼다. 차액은 못받음. 입실전인데도.. 여튼 그런거는 맘에 들지 않았음. 조식은 괜찮았음. 창문은 더러웠음..
616,오션스위츠 제주호텔,6.0,"시설은 연식이 있습니다. (이건 어쩔 수 없는 부분이지요) 연식 대비 관리는 잘 되어 있습니다. T.V시청의 경우 셋톱 박스가 반응이 좀 느립니다. 기본 객실 서비스와 위치 등이 좋은편이어서 체크인, 아웃 때 보니 항공사, 방송사 등에서 숙박을 많이 하는 것 같더라구요 걸어서 이마트를 갈 수 있어서 생필품, 음료 등 구매할 때 편하고 동문재래시장을 걸어서 갈 수 있을 정도의 위치입니다. 창문 닫아두면 방음이 잘되어 있어서 비행기 소음은 크게 거슬리지 않습니다. (공항에서 가까운 편이라 창문 열면 이착률 소리가 좀 있습니다.) 스태프들이 모두 친절합니다. 청소여사님들도 매우 친절하십니다. 재숙박 의향 높은 숙소입니다. 주차라인은 폭이 좁습니다. 주차 자리는 여유로운 편입니다."
617,오션스위츠 제주호텔,8.0,오래된 호텔인지 4성급이라고는 하지만 바닥의 마루 상태가 많이 오래된 느낌입니다. 그러나 청소 상태는 깨끗하고 침구도 안락합니다. 조식 부페도 그럭저럭 먹을 만 합니다. 화장실이 많이 협소한 느낌입니다. 서비스는 괜찮아요. 전체적으로 깨끗하고 안락. 아침에 뜻밖에 일출을 볼 수 있었어요. 오션뷰 괜찮아요.
618,오션스위츠 제주호텔,6.0,"*위치가 좋습니다. *주차라인이 여유가 없는편입니다. (초보운전자는 특히 조심해야합니다. 단, 주차 자리는 꽤 많습니다. 지상1층, 지하1,2층) *숙박기간 중에 장마기간 새벽에 폭우가 내렸는데 천장에서 침대 머리쪽으로 비가 샜습니다. 자다 깨서 깜짝 놀랐고 매우 불쾌했으나 프론트에서 사과한 후 즉시 방을 바꿔주었습니다. (사고에 가까운 해프닝이었지만 이해합니다. 시설과 설비가 언제나 완벽한 것은 불가능하지요. 단지 고객에 대한 대응이 중요하다고 생각합니다.) -사진, 동영상 등이 있지만 업로드 하지 않겠습니다. *프론트 스태프분들, 청소여사님들 모두 친절합니다. *천재지변(?)에 의한 해프닝이 있었음에도 다음번 출장 때 재숙박 의사 높습니다. *안락하고 조용합니다. 공항에서 가깝지만 방음이 좋아서 정숙한 편입니다. *게시된 이미지에 충실한 숙소입니다. (왜곡,과장 없음)"
619,오션스위츠 제주호텔,10.0,처음 들어가자마자 뷰가 진짜 너어무 좋았어요!! 호텔 침구도 먼지가 거의 날리지 않을 정도로 청결했고 욕실도 깔끔해서 좋았고 프론트 계신 직원분들도 정말 친절하게 대해주셔서 감사했습니다. 개인적으로 단점이라면 피트니스가 운동하는 공간이라기 보다는 그냥 구색만 갖춘 느낌?이었고 침대가 약간 하드했어요 그럼에도 재방문의사 있습니다!! ⭐️프린트 도와주신 직원분 정말 감사드립니다
620,오션스위츠 제주호텔,8.0,만족합니다
621,오션스위츠 제주호텔,10.0,호텔이 오래됐음에도 조금씩 손봐서 깨끗하게 관리하시는 것 같았음. 7살 4살 울애들이 딸기방 좋아했어요~그리고 가성비갑! 아이들과 함께라면 정말 강추합니다^^
622,오션스위츠 제주호텔,8.0,바다 전망에 깨끗한 숙소는 마음에 들었습니다. 비즈니스 일정으로 조식외에 다른 편의 시설은 사용하지 않아서 평가가 어렵고... 조식은 조금 더 좋았으면 하는 아쉬움이 있네요.
623,오션스위츠 제주호텔,6.0,방도 넓고 침대도 깨끗해 좋았음. 단 새벽에 모기 날아다니는 소리떄문에 잠을 설쳐 유감이었음
624,오션스위츠 제주호텔,8.0,내부 시설은 조금 오래되어 보이나 전반적으로 깔끔함. 하루 앞당겨 방문했음에도 아주 친절하게 안내해주심. 1층에 편의점이 있어서 음료 구입이나 이유식 데우는것도 가능. 주차장도 지하 2층까지 있어서 주차공간도 넉넉함. 다만 주말에는 예식 일정이 있어서 주차가 힘들수 있음.
625,오션스위츠 제주호텔,8.0,공항 근처라 마지막날 숙박 선택에 좋아요. ^^
626,오션스위츠 제주호텔,8.0,청소에 좀더 신경
627,오션스위츠 제주호텔,2.0,방음이너무안되서ㅠㅠ
628,오션스위츠 제주호텔,10.0,제주도올때마다묵는곳이에요 제주공항이랑가깝고동문시장이랑도가깝고 편하게묵을수있어 자주묵습니다
629,오션스위츠 제주호텔,8.0,조용하고 깨끗해서 좋왔어요
630,오션스위츠 제주호텔,10.0,다만 조금 아쉬운 점은 비성수기에도 틈틈히 유리창을 닦아 주셨으면 더 좋은 뷰와 쾌적함이 있었을듯
631,오션스위츠 제주호텔,10.0,일단 공항이랑 가까워요. 그리고 오션뷰가 탁 트이고 상쾌했습니다. 바다를 보며 산책할 수 있어요. 가까운 곳에 동문시장과 식자재마트가 있고 호텔1층에 모카번이 맛있는 빵집과 편의점이 있었습니다. 즐거운 여행이었어요. 직원분들도 굉장히 친절합니다.
632,오션스위츠 제주호텔,6.0,위치는 좋지만 시설은 가격대비 평범이나 그 이하 수준임
633,오션스위츠 제주호텔,8.0,패밀리 트윈룸에서 2박했는데요 시설이나 이불 상태등은 좋았어요. 다만 윗층에서 밤새 부부싸움 소리가 다들렸어요
634,오션스위츠 제주호텔,8.0,"멋진 오션뷰, 그러나 뿌연 창문 넓은 객실공간, 그러나 기물들이 전반적으로 낡음 그러나 4인 가족이 제주시내 한복판에 투숙하기에 더없이 뛰어난 가성비 친절한 직원들의 안내에 기분이 좋았습니다"
635,오션스위츠 제주호텔,10.0,호텔 위치도 좋고 청결상태나 서비스도 만족스럽습니다. 다음에 기회가 되면 다시 이용할 듯 하네요
636,오션스위츠 제주호텔,8.0,아주깨끗하고침구가 완벽해요 수영장등 부대시설이 좀모자란게 아쉽네요
637,오션스위츠 제주호텔,10.0,실속 있었다. 가족여행으로 따로 추가 방이 있어서 좋았다. 다시 올 것이다.
638,오션스위츠 제주호텔,10.0,
639,오션스위츠 제주호텔,8.0,프론트 직원분들 친절한 응대가 좋았습니다. 가족여행하기에 좋아요.
640,오션스위츠 제주호텔,8.0,편안하고 깨끗합니다. 조식은 괜찮은 편이고 종류도 다양합니다. 위치가 좋고 이동에 편리합니다.
641,오션스위츠 제주호텔,10.0,위치적으로 괜찮았으며 바닷가 뷰가 좋았습니다. 가족이 쉬기에 좋았습니다.
642,오션스위츠 제주호텔,10.0,제주항 전망의 코너 방으로 주셔서 너무 좋았습니다~ 마루바닥이라 카페트보다 더 깨끗한 느낌이라 만족스러웠고 건물 1층에 카페 크로와상 맛있어요!
643,오션스위츠 제주호텔,10.0,공항이나 제주버스터미널이랑도 가까워요 택시로 십분에서 십오분정도 동문시장이랑 가까워서 저녁에 야시장들렀다가 들어오기 좋아요 시설도 깨끗하고 직원분들 응대도 친절하셨어요
644,오션스위츠 제주호텔,8.0,"일단 직원은 친절했고 청소도 깨끗했어요,, 그리고 조식은 기대했던거보다 보통정도인거 빼고는 좋았네요,,"
645,오션스위츠 제주호텔,8.0,전체적으로 만족스러웠습니다.
646,오션스위츠 제주호텔,10.0,친절하고 바다뷰도 좋았어요 시설도 깨끗하고 조식도 다양하고 좋았어요
647,오션스위츠 제주호텔,8.0,오션뷰의경우 이미지와는 다른 도로와 방파제가 주로 보여 많이 실망하였고 화장실에 욕조가 없는점 등 많은 아쉬움이 있었습니다
648,오션스위츠 제주호텔,10.0,넘 깨끗하고 뷰가 최고였어요~~~^^꼭 다시오고싶은곳
649,오션스위츠 제주호텔,10.0,팔순 부모님 모시고 간 여행였는데 방바닥 따끈따끈하게 잘 수 있고 바다전망 추천합니다. 침구류도 깨끗하니 좋았습니다.
650,오션스위츠 제주호텔,8.0,"전체적으로 불편없이 사용했습니다. 원래 취지는 바닷가 파도소리가 들리는 호텔을 원했는데 바다에 방파제가 설치되어 있어 그리던 바다구경은 못했습니다. 파도소리 들리는 호텔을 원하신다면 제주시에서 약간 벗어나야 할 듯 하네요. 도보로 용두암, 동문시장,관덕정 등을 구경하기 좋은 호텔입니다."
651,제주 오리엔탈호텔 카지노,8.0,1. 안락함 : 오션뷰에 전체적으로 오래되었지만 안락한 느낌이 드는 나쁘지 않은 호텔이었네요. 2. 청결 : 청결은 포기함이 맞지 않을까 생각되여. 군데군데 곰팡이 그리고 타올에 머리카락... 심지어 화장실 벽에도 머리카락.. 누구껀지 모르는 다양한 머리카락을 보고 샤워를 하니 깨끗해진 느낌이 들지 않았어요. 3. 시설 : 느낄만큼 오래 머물지 않았지만 바닷가 산책이 가능하고 이마트도 가까워서 둘다 이용했어요. 4. 위치 : 시내도 가깝고 택시타고 공항도 가깝고 여러모로 위치는 아주 만족합니다. 5. 서비스 : 특별하게 서비스의 좋음과 나쁨을 느낄만큼 대화를 하거나 하지는 않았지만 만족합니다.
652,제주 오리엔탈호텔 카지노,8.0,"방을 3개를 잡았는데 그중에 하나 저희부부가 썼던 방은, 냉장고에 물도 없고 ..... 침대옆 서랍장에 이전고객이 신으셨던것으로 추정되는 양말이 있더군요.. 그거빼고는 직원분들도 친절하시고 좋았습니다."
653,제주 오리엔탈호텔 카지노,6.0,고급적으로 보이면서 오래된 건물처럼 보였어요. 문틈 사이로 밖이보여서 프라이버시가 없는거같았어요.. 뷰는 정말 좋았구요 화장실은 건식이라 남자친구가 좋아했어요. 제일 좋았던건 침대가 푹신해서그런건지 넓어서그런건지 모르겠는데 너무 잠이 잘와서 잘 쉬다 갑니다!
654,제주 오리엔탈호텔 카지노,8.0,인근에 걸어서 둘러볼 만한 곳이 많아 좋습니다
655,제주 오리엔탈호텔 카지노,10.0,전체적으로 굉장히 좋은 호텔입니다. 위치 숙소상태 등등 충분히 만족하실겁니다
656,제주 오리엔탈호텔 카지노,8.0,오래된 호텔 이나 깨끗하고 직원들이 친절합니다
657,제주 오리엔탈호텔 카지노,10.0,최신 시설은 아니지만 너무 깔끔한 객실 상태가 매우 만족 스러웠습니다. 다음에 또 방문할 의양 있습니다. 감사합니다.
658,제주 오리엔탈호텔 카지노,8.0,오래된 호텔이지만 깨끗하고 조용했습니다. 가성비가 좋았습니다.
659,제주 오리엔탈호텔 카지노,8.0,"오션뷰를 싸게 예약해서 하루 머물렀습니다. 아침 바다를 잘 볼 수 있었고, 해안가를 산책하기에도 좋았어요. 다음 날 아침에 호텔 근처에서 택시를 잡기에도 좋았습니다."
660,제주 오리엔탈호텔 카지노,8.0,모든 것이 약속대로 이행되서 좋았어요.
661,제주 오리엔탈호텔 카지노,8.0,체크인후 변기에 꽁초가 있었습니다. 청소에 조금만 더ㅠ신경써주세요.
662,제주 오리엔탈호텔 카지노,6.0,건물이 좀 오래된느낌이고 낡았더라구요... 청결상태가 좀 아쉬웠어요
663,제주 오리엔탈호텔 카지노,10.0,낡은 호텔이긴 하지만 그런 분위기를 좋아해 맘에 들었습니다. 청소해주시는 분 프로페셔널하셨습니다.객실이 아주 깨끗해요. 프론트는 친절합니다 추천합니다^^
664,제주 오리엔탈호텔 카지노,10.0,"가구나 침대가 오래된 것이기는 하나, 비지니스 호텔보다는 훨씬 낫고, 아주 깨끗한 새 호텔에 비할 바는 아니지만 옛 명성이 어디 가지 않은 아주 깨끗한 호텔임. 코로나 이기에 이정도 가격으로 이용할 수 있어, 호텔에는 좀 미안하나 가성비 가심비 좋게 잘 이용했어요. 바다 전망이 너무 좋았습니다."
665,제주 오리엔탈호텔 카지노,10.0,코로나 때문인지 조용하고 청결했습니다 다음에도 이용할예정입니다. 공항및 시장도 가깝고 교통이 편리해 좋습니다.
666,제주 오리엔탈호텔 카지노,10.0,호텔내에 있는 편의점이 엄청일찍문닫아요 해당부분빼곤 편하게 잘 이용했어요
667,제주 오리엔탈호텔 카지노,10.0,친절하고 깨끗하고 뷰도 좋은 룸이며 다소 오래된 느낌은 있지만 주위 시설에 편의성이 높아 불만은 없어요
668,제주 오리엔탈호텔 카지노,6.0,창문을 열면 옆 건물 벽이 보입니다
669,제주 오리엔탈호텔 카지노,10.0,바다가 보이는 뷰에서 엄마와 하루 잘 쉬었다 왔어요 서비스도 잘해주시고 감사했어요!!
670,제주 오리엔탈호텔 카지노,6.0,창문이 좁은상태이며 방충망이 설치되어 있지 않아 모기가 들어옵니다.
671,제주 오리엔탈호텔 카지노,6.0,"뷰도 좋고, 직원들도 친절하고, 전반적으로 만족스러웠으나, 1. 예약 확인이 잘 안 돼서, 프론트에서 10분 이상 대기. 2. 6F 숙소 복도에서 담배냄새 남. 비상구쪽에서 누군가가 담배를 피는 것 같음. 3. 어맨티가 다른 숙소에 비해 부실. (머리끈, 양치도구 등은 개인이 챙겨야 함. 1층이나 바로 옆 GS편의점에서 사는거 추천.)"
672,제주 오리엔탈호텔 카지노,10.0,코로나때문에 객실이 남아서그런건지 바다뷰로 업그레이드해주셨어요! 직원분도 친절하시고 코로나때문에 열체크를미리 하시는데 나름 안심이 되었습니다. 진짜 오래된 호텔같은데 조금 낡은느낌이 있었지만 오래된 호텔느낌에 비해 객실 관리도 잘되어있던거 같고 베드도 푹신푹신해서 한번도 안설치고 꿀잠잤습니다.
673,제주 오리엔탈호텔 카지노,6.0,베드 상태는 청결하고 괜찮았습니다. 다만 화장실에 샤워기 해드가 너무 청결하지 못했습니다. 시커먼 물때가 많이 껴있어서 샤워기로 씻기가 정말 망설여졌네요.. 보이는 청결에만 신경쓰지 않았으면 좋겠습니다..ㅠ
674,제주 오리엔탈호텔 카지노,8.0,"I really want to leave the msg for her, Jiyoung Hwang. She has really professional attitude and was so nice to me. The building and interior are out of style. However, the room was ok, the bathroom was not bad. It was a pleasure to stay at the Oriental hotel in Jeju."
675,제주 오리엔탈호텔 카지노,8.0,
676,제주 오리엔탈호텔 카지노,8.0,"식당가, 이마트, 바다도 가깝습니다. 샤워기 물새는건 빼면 대체로 다 만족. 늦게 공항에 도착해서 묵기 좋아요. 근처에 밤늦게하는 식당 있고 주차장이 지상이고 넓어서 편했어요."
677,제주 오리엔탈호텔 카지노,10.0,"생각보다는 깔끔한 호텔이다. 객실도 깨끗하고 아메니티도 좋고. 프론트, 안내하는 사람들 모두 친절하고 얼굴에서 미소가 떠나지 않고 기분좋게 응대를 했습니다."
678,제주 오리엔탈호텔 카지노,10.0,최고로 좋았습니다. 침구류도 꿉꿉하지 않고 향기도 좋고 딱 좋았습니다. 신발 벗고신고 하는부분이 좀 불편합니다. 다시 이용 의사 충분히 있네요
679,제주 오리엔탈호텔 카지노,8.0,시설이 오래 됐음에도 불구하고 비교적 깨끗하였습니다. 그러나 일부 객실은 전망이 별로 좋치가 않았습니다.
680,제주 오리엔탈호텔 카지노,8.0,오래되었다기에 별 기대 없었지만 오히려 그 멋도 있더군여~ 이름에서부터 풍기는 클래식함 ㅎㅎ 그게 또 매력이라면 매력 ~
681,제주 오리엔탈호텔 카지노,10.0,ㅣ층에는 편의점도있고 편했습니다. 주차장도 여유롭고. 다 좋았어요
682,제주 오리엔탈호텔 카지노,6.0,욕실청소가 잘 안되있었고 욕조 물이 잘 안내려가서 좀 불편했습니다.
683,제주 오리엔탈호텔 카지노,4.0,청결이 아쉽고 조식이 신선하지 않았음.
684,제주 오리엔탈호텔 카지노,2.0,옆방 손님이 너무 시끄럽게 웃고 소리 지르고 의자를 찍찍 끄는등 하여 잠을 잘수 없어 11:30 분부터 1:30분 넘게 까지 3번이나 프론트에 전화함. 호텔 직원의 조처가 너무 부적절하여 잠을 거의 자지 못함. 그방 손님들을 다른 방으로 이동시키라고 요구하였으나 시행하지 않음.아침에 책잉자에게 불평사항을 말하였으나 의례적으로 미안하다는 것이 전부임. 최악의 서비스 경험임.
685,제주 오리엔탈호텔 카지노,8.0,시설이 오래되어서 가구들의 상태가 그리 좋지가 않았습니다. 전반적으로 전부 낡은 듯한 느낌을 받음
686,제주 오리엔탈호텔 카지노,2.0,지져분하고 내부시설이 너무 오래되고 환풍기도 고장나서 화장실 냄세도 안빠져요
687,제주 오리엔탈호텔 카지노,10.0,가격대비 매우 우수합니다.
688,제주 오리엔탈호텔 카지노,10.0,Good
689,제주 오리엔탈호텔 카지노,10.0,오리엔탈호텔 투숙을 하게 된다면 역시 바다 전망이 제일 좋은것 같습니다. 양치용 칫솔은 제공이 안되어 미리 준비해야 했습니다.
690,제주 오리엔탈호텔 카지노,6.0,가격대비 노후시설입니다.
691,제주 오리엔탈호텔 카지노,10.0,"깨끗하고, 공항에서 가까워 이동이 편리하고 직원들이 친절하였습니다. 다음에 기회가 되면 다시 이용하고 싶습니다.."
692,제주 오리엔탈호텔 카지노,6.0,"화장실,샤워실등 좁고 노후와 부족으로 다소 불편하지만 호텔주변 식당, 명소등은 만족합니다."
693,제주 오리엔탈호텔 카지노,10.0,오래됐지만 오래된만큼 미국 유럽 호텔 느낌나고 너무 좋았어요 깨끗하고
694,제주 오리엔탈호텔 카지노,8.0,전체적으로 만족합니다. 깨끗하고 전망도 좋고 특히 직원분들도 매우 친절하시고요. 다음에 또 제주에 방문하면 재이용하도록 할께요.
695,제주 오리엔탈호텔 카지노,10.0,
696,제주 오리엔탈호텔 카지노,10.0,인생처음으로 이런큰베드에서 잘수있다니 위치는 물론이고 다좋았습니다~
697,제주 오리엔탈호텔 카지노,4.0,밤 10시 도착해서 잠만 자고 갈거라 기대는 안했지만 너무 오래 방치된듯한 느낌의 객실로 먼지가 많이 날렸습니다. 공항 근처 여타 호텔들에 비해 조식은 물론이거니와 시설이 아쉬웠습니다.
698,제주 오리엔탈호텔 카지노,4.0,"리뷰보고 좋다고 해서 갔는데, 너무 실망입니다. 청소도 엉망이고, 누구건지도 모르는 머리카락은 바닥에 뒹굴고 정말 위생이 꽝입니다. 다음날 청소상태도 별반차이없고, 돈이 아까웠습니다 충전할 콘센트도 침대 맞은먼 TV 있는쪽 1개뿐 두번다시 가고싶지 안습니다"
699,제주 오리엔탈호텔 카지노,4.0,특가로 저렴하게 구입해서 그런지 방의 상태가 별로네요 엄청 옛날식에 티비도 작고..모텔보다 못한것 같았어요. 심지어 샤워기 물도 졸졸 나오고..그래도 뷰는 바다가 보여서 좋긴해요.
700,제주 오리엔탈호텔 카지노,6.0,화장실이 노후된것과 화장실 청소가 깨끗하지 못한점
701,중문스테이 호텔,10.0,늦은 체크인이였는데 사장님께서 친절한 응대를 해주셨고 룸은 작지만 너무너무 편안한 침구덕에 꿀잠을 잤습니다 ㅎ 편의점도 가까이 있고 귤일 열릴때쯤 재방문하고싶은 숙소였습니다 ^^
702,중문스테이 호텔,2.0,일단 주변에 아무것도 없어서 숙소의 위치가 애매합니다. (술집가려고 20분 택시타고 나감) 조식때문에 선택했는데 사전안내없이 체크인할때서야 코로나 때문에 조식을 제공하지 못한답니다. 가격인하도 없고 시 정책이라며 너무나 당연한듯... 방 냄새도 넘 심하고 침대만 겨우 있는정도로 공간이 비좁아요 티비도 다이없이 벽에 있어 올려봄 잠만 자고 나와야 함. 마지막....치약이 없어 물어보니 구입하라 합니다..이또한 시정책이라고 (다른곳은 있었음)
703,중문스테이 호텔,10.0,친절하고 깨끗 옥상에서 바다가보여 너무예쁨 사실 동쪽으로가려고했는데 숙소이름을 잘못쳐서 중문으로 와버림ㅋㅋㅋ부랴부랴 예약한것치곤 참으로 쾌적했다 다음날아침 1층에서 빵과 씨리얼등 우유와 간단히 조식도먹고 좋았
704,중문스테이 호텔,6.0,일단 저렴한 금액에 가족들과 묵을수 있어서 좋고 위치도 한가하니 좋고 한가지 흠이라면 화장실에서 하수구 냄새가 올라와서 침실까지 가득하네요. 이문제만 해결된다면 가성비는 좋아요.
705,중문스테이 호텔,6.0,숙박 후기 입니다. 저희가 비행기가 연착되어 23시에 도착했습니다. 뭐 늦은 우리가 잘못이지만 로비에 불도꺼지고 전화도 안받고 한참 헤메던중 전화와서 지금은 갈수가 없다구하고 칫솔도없구 쪼금 그랬습니다. 전화를 2번이나 했는데 전자음으로 23시이후는 받을수 없다고 나오고~~ㅠㅠㅠㅠ 이런 써비스면은 아직도 멀었습니다. 만약 저희가 연락이 없었다면 호텔측에서도 저희한테 전화를 해봣어야 하는것은 아닌지 묻고싶습니다.
706,중문스테이 호텔,10.0,가격대비 매우만족 합니다
707,중문스테이 호텔,8.0,전체적으로 깨끗하고 친절해서 좋았습니다~^^
708,중문스테이 호텔,8.0,금연이 잘 지켜져서 담배냄새도 없고 깨끗했어요 가성비가 아주 좋은 호텔이었어요 감사합니다^^
709,중문스테이 호텔,8.0,사진보다 실재는 많이 좁았어요. 억지로 침대를 구겨넣은 느낌. 저렴하게 묵는다 생각하고 다녀왔습니다
710,중문스테이 호텔,8.0,전체적인 숙박 컨디션은 매우 좋습니다. 다만 방 자체가 굉장히 비좁고 철재 프레임 위에 매트리스가 올라가 있는 구조라서 약간 소리가 나고 푹푹 들어가는 부분이 있었습니다. 청결도 면에서는 높은 점수를 드리고 싶네요 감사합니다.
711,중문스테이 호텔,6.0,"숙소가너무 비좁았으며 가격또한 많이 비싼편임 가성비 별로, 하지만 서비스는 무척 만족 조식도, 그냥 토스와 컵하면 씨리얼,, 정도,"
712,중문스테이 호텔,10.0,깨끗하고 조용한 숙소임
713,중문스테이 호텔,8.0,제주국제컨벤션센터에서 가까워서 학회 참가하기 편했습니다. 근처에 편의점도 있으나 24시간이 아닌 관계로 일찍 준비를 해야 할 것입니다. 서비스등은 다 괜찮았으니 조식이 8시 부터 제공되는데 조금 늦은감이 있습니다. 학회에 참석한다고 조식을 거의 못먹은거 같은데 7시부터 제공 해 주시는 것도 괜찮지 않나 싶습니다.
714,중문스테이 호텔,8.0,"5000원의 비용으로 감귤따기 체험을 할 수 있어서 좋았으며 뷰도 탁트인곳이라 좋았음. 하지만 주변에 편의점을 찾으러 나가려면 차를 이용해야하는 점이 있음. 렌트카를 이용하기 하였지만 가까운곳에 다양한 식당이나 편의점이 있었으면 좋겠음,."
715,중문스테이 호텔,8.0,그냥방에서 자동으로 사용된다고해서 해봤는데와이파이 사용이 불편하여 인터넷을 사용하지 못하였음
716,중문스테이 호텔,10.0,객실에서 바다가 보임. 간단한 아침 식사 무료 제공. 수제 맥주를 판매하는 카페. 인테리어가 심플하고 모던함
717,중문스테이 호텔,6.0,"호텔은 깨끗하고 좋았습니다. 다만, 아침식사가 영~~~ 빵과 쨈만 있고, 라면이랑 시리얼만? 외국인도 좀 있었는데, 민망합디다~"
718,중문스테이 호텔,6.0,위치도 좋고 서비스도 좋았습니다 청결은 오케이 정도구요 침대 스프링이 삐그덕 거리는 소리는 났지만 자는데는 문제 없었어요 약간 모텔 느낌나는 곳 같지만 가족들이 가기엔 가격 위치면으로 괜찮은거 같습니다
719,중문스테이 호텔,10.0,"친절, 깨끗, 그동안 많은 숙박업소중에 침대가 뭔가 달랐던거 같아요~~ 너무 편하게 잘 잤습니다. 저렴한 가격으로 잘 다녀왔습니다"
720,중문스테이 호텔,8.0,"방규모는 작지만 깨끗했음, 아침조식은 간단하게 컵라면, 식빵, 우유, 주스, 커피뿐이었지만 가볍게 먹고 아침을 시작해서 나쁘지 않았음, 1층 식사 공간 뷰도 귤밭과 약간의 유럽풍 야외테이블도 예뻤음, 단지 중문시내와 조금 멀어서 중문에서 식사 후 30분정도 걸어서 호텔로 왔음, 우리는 트래킹 목적이었기 때문에 큰 불편함 없이 잘 쉬다 옴,"
721,중문스테이 호텔,8.0,전체적으로 만족스러운 컨디션이었습니다..
722,중문스테이 호텔,10.0,가격 대비 정말 만족합니다. 시설도 깨끗하구요. 다음에 제주도 오면 다시 묵을께요!
723,중문스테이 호텔,10.0,가성비 대비 편안하고 청결하고 친절하고 좋았습니다. 지배인님이 모녀 여행이라고 룸업그레이드 시켜주신 것도 너무 감사해요! 다음에 방문해도 꼭 이곳에 다시 묵고 싶습니다.
724,중문스테이 호텔,8.0,침대하나 있는 방이었는데 방이좁았고 방음이 안됐어요 샤워실 잠금장치없으니 참고하세요 청결은 좋았고 무료조식 좋았어요 푸짐히 잘먹고왔습니다
725,중문스테이 호텔,8.0,"두번째 이용하고 있는 호텔이다. 주변환경, 교통 등이 만족스러워서 이용하고 있는데, 이번엔 실망을 했다. 욕실청소상태가 엉망이었기 때문이다."
726,중문스테이 호텔,10.0,"깔끔한 실내, 간편한 조식, 여행객에게 빨래를 할 수있는 세탁시설, 피로를 풀 수 있는 맛있는 맥주펍까지. 떡볶이 랑 고기튀김 넘 맛낫음. 강추."
727,중문스테이 호텔,8.0,충분히 만족합니다.
728,중문스테이 호텔,8.0,친절하시고 깨끗하고 좋아요 다음에 또 숙박하고 싶어요 다음에 또 뵙겠습니다 ^^ 수고하세요
729,중문스테이 호텔,10.0,중문스테이 쿼드룸에서 묵어서 문 한 개를 공유해서 방 2개를 사용할 수 있는 룸입니다. 출입문과 창문 등에 대한 센서 등 중앙관리가 잘 되어서 좋았습니다. 조식은 개선의 여지가 필요합니다. 빵을 최소한 2~3 종류와 야채와 햄 등을 추가해주면 좋겠습니다.
730,중문스테이 호텔,10.0,패밀리룸 방두개로연결되어 넓게 잘사용하였습니다. 생각보다 깨끗하고 아침조식도 깔끔하니 좋았구요~ 대체로 매우만족입니다.
731,중문스테이 호텔,8.0,직원분도 친절하시고 청결했습니다. 간단하게 무료조식도 주시네요. 위치도 괜찮고 다음에도 묵을 의사 있습니다.
732,중문스테이 호텔,10.0,ICC 인접하고 중문 외곽이지만 조용하고 아침식사도 좋아요
733,중문스테이 호텔,8.0,컨벤션센터까지 걸어가기에 위치가 매우 좋아요 밤 늦은시간까지 바깥 사람들 소리가 시끄럽고 방이 습했습니다
734,중문스테이 호텔,10.0,"칫솔치약세트를 따로 구매해야 하는 점이 불편햇지만 호텔프런트에 가서 2000원에 구매하면 됩니다~무료제공했으면 좋겠네요! 1층에 카페바가 있어서 친구 만나기 좋아요, 간단한 조식을 제공하는건 괜찮았는데 라면을 드시려면 ㅋㅋ 근처 편의점에 가서 김치 따로 사서 함께 드시는 편이 좋아요!"
735,중문스테이 호텔,6.0,국제회의장 도보 접근성이 좋음 (10분 이내 거리) 개선이 요구되는 사항 야간에 건물 옥외 장소의 대화 소음에 대한 방지조치(룸에서 잘 들림) 조식 제공에 대한 안내표지의 프론트 비치 조식(샌드위치)용 버터 비치
736,중문스테이 호텔,10.0,메우 만족
737,중문스테이 호텔,6.0,"관광단지내에 위치로 조용하며, 바닷가 앞이라 마음이 편안함."
738,중문스테이 호텔,10.0,"1회 용품 (치약,칫솔,면도기,빗등)이 준비가 되었으면 좋겠습니다. 주변에 상가가 없는 관계로 구입도 차를 이용하여야 함."
739,중문스테이 호텔,10.0,"대체로 깔끔하고 침대도 편안했습니다. 무료로 간단하게 조식 이용할 수 있어서 참 좋았구요, 직원 분들도 굉장히 친절하셨습니다. 다음에도 이용하고 싶어요! 귤따기 체험도 할 수 있다니, 체험기간 맞춰서 가면 더 좋을 것 같아요."
740,중문스테이 호텔,8.0,깔끔하고 만족했어요~ 간단한 조식식사까지 가성비 짱입니다.
741,중문스테이 호텔,10.0,감귤체험 좋아요
742,중문스테이 호텔,10.0,객실 자체가 좁아서 불편 하기는 했으나 청결하고 직원들 친절함에 감동 받았고 어머님은 감귤체험을 할수 있어서 즐거운 숙박을 하였습니다. 가격 대비 강추 입니다.
743,중문스테이 호텔,10.0,"방에서 바다가 보여서 좋았습니다. 비갠 후 날씨라 훨씬 좋더군요. 아침에 간단한 조식을(빵, 커피, 우유, 쥬스, 라면, 직접재배하는?귤) 주는데 오렌지쥬스 정말 맛있습니다. 침대 메트리스 그리고 베개가 정말 좋습니다. 베개는 정말 너무 좋았어요. 정말 편하게 잤습니다. 일반적인 호텔 베개는 커서 낮은 베개 사용하는 저에게는 불편해서 베지않고 자는데 여기호텔 베개는 일반적인 호텔베개랑 크기도 비슷한데 메로리폼처럼 폭신하면서 자는데 무리없이 편하게 잘 수 있습니다. 근처 편의점도 하나있고 편의점 위에 조금더 가다보면 하나로 마트가 있어서 편해요."
744,중문스테이 호텔,8.0,
745,중문스테이 호텔,10.0,깨끗하고 편안하고 주변에 맛집도많아요
746,중문스테이 호텔,10.0,전 날 좁은곳에서 잤더니 여기 오니깐 속이 확~ 뚤리는 느낌. 뷰도 좋았고 위치도 좋았어요. 무엇보다 침대랑 베개가 넘 푹식해서 꿀잠~
747,중문스테이 호텔,10.0,제주 ICC와 가장 가까운 숙소여서 아주 마음에 들었습니다.
748,중문스테이 호텔,10.0,너무조용하고 편했습니다. 조식도 마음에 들고요. 화장실 샤워기도 마음에 들고요. 바베큐 라인에서 맥주한잔 좋았습니다.
749,중문스테이 호텔,10.0,"굉장히 만족스럽습니다 다만, 방음이 조금 안되는 경향이 있네요"
750,중문스테이 호텔,8.0,"룸이 조금 좁긴 했지만, ICC도 가깝고, 1층 레스토랑도 즐겁게 이용할 수 있어 좋았습니다."
751,아리아 호텔,10.0,조식이 정말 별루였어요. 아무리 코로나 영향이라고는 하지만 그래도 가성비가 형편없었어요
752,아리아 호텔,8.0,작년에 가족 여행차 다녀왔어요 이틀 숙박 했는데 저희 가정은 좋았어요 청결은 화장실은 좋았지만 객실이 커서 그런지 구석구석 좀 먼지가 많이 쌓였.... 그것빼곤 직원들 모두 친절하고 청소하시는 여사님도 너무 친절하셨어요 위치는 중문이라 근처 관광지 모두 가깝고 무엇보다 맥도날드권과 스벅권이라 간단하게 요기하거나 관광지 출발전 카페인섭취는 엄청 용이합니다 ㅋ 다음에 또 이용할 의향 있습니다
753,아리아 호텔,10.0,깨끗하고 디퓨져 향이 좋아요 조용해요 가구는 엔틱해요 다시 숙박하기에 좋을것 같아요
754,아리아 호텔,10.0,오래된 호텔이라 큰 기대가 없었는데 방도 넓고 상태가 좋아서 놀랐습니다. 사진으로는 아담한방인줄 알았는데 침대헤드가 높아서 생긴 착시였어요. 바닷가 뷰는 아니지만 지대가 높아서 앞에 막힌건물 하나없이 뻥뚫린 뷰도 좋았구요. 멀리서 수평선이 보이는것도 좋았습니다. 특히 전면창 앞에 책상이 있어서 좋은 경치를 보면서 느긋하게 독서하고싶은 방이었습니다.
755,아리아 호텔,6.0,그냥 작은규모의 모텔같은 숙소입니다. 주변에 식당 천제연폭포등있어서 위치는 좋은편이고 위치가 높아서 멀리서 바다보이고그렇습니다 . 침대가 좀 별로고 티비앞에 장식장이없어서 뭘 올려놓을데가 없더군요 .직원분 한분계신데 친절하셨어요. 또 가고싶진않네요 ㅎ
756,아리아 호텔,10.0,직원분들도 친절하시고 룸도 깨끗하고 무엇보다도 조용해서 좋았어요 !! 주변에 음식점도 많고 접근성도 좋아서 추천드립니다 !
757,아리아 호텔,10.0,아주친절하시고 좋은곳이네요
758,아리아 호텔,8.0,친절하고 좋았습니다. 비오는 날 악취 심한것은 고쳐야 할듯 합니다.
759,아리아 호텔,4.0,"위치도 괜찮고, 주변에 편의점, 패스트 푸드, 스타벅스, 식당들도 있고 호텔도 아담하고 이쁘고, 직원분들도 친절하시고... 다 좋습니다. 가격도 괜찮고...근데 방음이 너무 안되는듯...물론 옆방에 커플인지 부부인지가 밤늦게까지 큰소리로 계속 떠들고 들락거리며 유난히 개념없게 굴긴 했지만...귓가에 생생히 들리는 소리에 계속 자다깨다 했네요. 소리에 민감하지 않은신분들에겐 괜찮을수도 있겠지만요."
760,아리아 호텔,10.0,"위치 탁월, 데스크 직원 친절, 넓은 방, 뷰가 좋음 조용함, 인테리어 예쁨 가성비 갑 대만족"
761,아리아 호텔,8.0,중문단지라 위치도 좋고 뷰도 좋았습니다 방의 연식은 좀 있으나 가성비가 아주 좋아요
762,아리아 호텔,10.0,중문에 위치한 가성비좋은 조용하고 매우 깨끗한 호텔입니다. 조식도 시간맞춰 방으로 갖다주고 직원분도 친절합니다. 깨끗한 호텔을 찾느라 힘들었는데 청결도 아주 만족스럽습니다. 무엇보다 너무나 조용해서 쉬는데 불편이 전혀 없었고 2층인데도 바다뷰가 무척 좋았어요. 3박을했는데 아주 좋았고 매우 만족합니다. 스타벅스까지 걸어서 5분. 주위에 음식점도많고 중문단지라 고급스러운 느낌이 좋더라구요. 내돈내고 숙박한 정직한 후기입니다. 단한가지 약간 별로였던건 프론트가있는 1층에 향이 너무 강해서 좀 힘들었어요. 금방 지나가는곳이니까 상관은 없는데 향을 조금만 줄여주시면 참 좋을것같아요. 다음 제주방문때 재방문의사 있습니다
763,아리아 호텔,8.0,"전기차충전시설보유, 주변시설 이용가능, 주변관광지가 있어서 도보로 가능, 야경이 멋지고 야간에 관광지역 도보로 다닐수있어 산책 코스 추천"
764,아리아 호텔,10.0,사진이랑 똑같고..생각보다 너무 넓어서 좋았어요! 프론트 직원분들도 친절합니다^^
765,아리아 호텔,10.0,"카운터에서 친절했고, 룸도 청결해서 너무 좋았고, 마지막날 아침 이른 비행기시간인데 아침까지 요기할수 있게 챙겨줘서 너무 감사해요"
766,아리아 호텔,8.0,만족
767,아리아 호텔,10.0,매우 만족 했어요
768,아리아 호텔,6.0,대구와 비행기가 끊긴다고 뉴스가 뜨고 대구 사는 지인이 집에 돌아갈수 없어 방 3개중 1개를 취소 요청 드렸습니다. 당연 당일이라 어려웠을 테지만 직원 응대가 정말 아쉬웠습니다. 아리아호텔 부모님께서도 만족 하셨고 좋았지만 직원응대라 0점이었어요. 그날 호텔 1개소 방역 조치들어갔었는데 아리아도 충분히 동일한 일이 생길수 있겠다 생각이들었습니다. 방에들어갔을때 고객의 안전을 최우선으로 하겠다?는 안내 종이보고 더 화났구요 ㅎㅎ 비록 그직원분도 위에서 허가안해주고 전화는 폭주하니 스트레스 받았겠지요. 하지만 프론트 갔을때 전화받은게 누구였는지 딱 보이는 걸 보니 직원 교육도 필요하시겠어요. 한분은 너무 친절했거든요 ㅎ
769,아리아 호텔,10.0,식당은 별도로 없지만 룸으로 간단한 조식을 가져다 주네요. 뷰도 괜찮고 룸도 넓고 깨끗해요.가격도 저렴하게 잘 다녀왔네요.
770,아리아 호텔,10.0,후기보고 숙박 했는데 대체적으로 만족합니다
771,아리아 호텔,8.0,가족4명이서 바로 이어진방 2개 썼어요 깔끔하고 무난! 가성비짱입니다
772,아리아 호텔,10.0,직원분들이 친절하시고 룸컨디션도 좋았으며 편안하게 쉴수있는곳이에요
773,아리아 호텔,8.0,전체적으로 만족합니다. 깨끗하고 전망이 좋아요. 직원분들도 친절하시고요. 다음에도 혹 서귀포를 방문하게 되면 재이용하고 싶어요.
774,아리아 호텔,10.0,넓고 깨끗.카펫바닥이 아니고 마루.뜨근뜨근. 방도 크고 욕실도 크고. 단점은 온수가 늦게 나옴. 계속 틀어놔야 나옴.근데도 단점이 가려질 정도로 좋음. 가족여행으로 2객실.가성비.시설.위치 모두 최고
775,아리아 호텔,10.0,"부모님이 여행 가셨는데, 직원분들이 항상 친절하고 만족해 하셨습니다. 다음에도 가고 싶다고 하시네요."
776,아리아 호텔,10.0,아이와 단둘이 간 여행이였는데. 너무 좋았어요 이번에 또 여행가는데 아이가 아리아호텔 또 가자고 해서.2박 예약 더 잡았어요^^
777,아리아 호텔,8.0,"싱글룸 방도 크고 드라이기, 거울, 넉넉한 테이블, 커피와 차 등등 편리하게 잘 되어있었어요. 뷰도 좋고 근처 식당도 많고 직원분들도 매우 친절합니다. 다만 온돌시스템이라 그런가 온수가 나오는데까지 시간이 상당히 오래 걸려요. 처음엔 기다리다 지쳐 결국 미지근한 물에 샤워했고, 추워죽을뻔... 셋째날은 난방켜놓고 두시간 기다리고 샤워함... 뜨거운물만 잘 나오면 진짜 좋을거 같네요."
778,아리아 호텔,10.0,너무 마음에 들었어요. 냄새도 안나고. 청결하고. 창문 밖은 예술이고. 모두 마음에.들었답니다. 복도의 소음이나 옆방 소음도 못느꼈어요. 최고에요. 주변에 소개 많이 했답니다
779,아리아 호텔,10.0,가성비되게좋았아요! 중문이라 주변 해수욕장도 가깝고 산책하기도좋고 주변에 되게뭐가많아욤
780,아리아 호텔,8.0,방 안에 정체모를 머리카락이 너무 많이 있었어요 그래도 나쁘진 않았어요
781,아리아 호텔,6.0,오래된 호텔이라 깔끔한건 없지만 직원모두 친절하시점이 마음에 들었어요
782,아리아 호텔,10.0,두번쨔 숙박인데 위치도 좋고 깨끗하고 만족입니다!!
783,아리아 호텔,10.0,친절함 깨끗함 조용함 담배냄새 없어서 넘 좋음 자리도 좋음 아늑하고 침대도 넓움 연인들이 오기에 좋음
784,아리아 호텔,10.0,사진과 같아요 내부가 넓고 위치가 좋네요
785,아리아 호텔,10.0,"내부 청결 매우 좋음, 침대 편함"
786,아리아 호텔,8.0,늦게 체크인하니 9시에 바로 전화가 왔습니다. 객실은 깨끗했고 전반적으로 괜찮았습니다. 화장실에 전기코드가 없고 거울과 화장대가 먼것이 아쉬웠습니다
787,아리아 호텔,10.0,화장실이 커서 매우 만족. 객실크기도 커서 만족.
788,아리아 호텔,8.0,편안하고 안락하고 뷰도 좋은 호텔이었어요. 층수가 낮아 반드시 맨 윗층 5층(=4층)에서 묵어야 성에 찰것같아요ㅎ 깨끗하고 아주 좋았는데 싱글침대는 잘때 뒤척이면 매트리스가 막 움직이더라구요ㅎ 더블과 싱글모두 매트리스는 굉장히 저가형인것같은게 눌러질때 삐그덕소리가 나고 침구류가 더 푹신하고 아늑하면 더욱 좋을것같아요. 그리고 잘때 조용해지니까 냉장고소리가 크게 들리더라구요. 이 두가지가 아쉬웠고 직원분들 클린업해주시는분도 모두모두 좋아서 이 가격에 이 정도호텔이면 좋다고 생각합니다. 참 샤워기 수압이 좋아서 매우 좋았어요.
789,아리아 호텔,8.0,오래된듯 했으나 전체적으로 넓고 깨끗했으며 대체로 만족스럽습니다. 주변에 식당과 편의점이 있어 이용하기도 편했습니다. 재방문 의사 있습니다.
790,아리아 호텔,4.0,후기가 좋아서 예약했는데 시설이 좀 노후 되서 인지 제가 묶은 방은 오래된 냄새가 꿉꿉하게 낫구 전반적으로 올드해서 쾌적한 느낌은 받지 못했어요
791,아리아 호텔,10.0,+ 객실 넓고 뷰 좋고 분위기 좋고 직원분들 친절하고 깔끔하고 주차장 넉넉하고 조식 룸서비스로 갖다주심 - 조식이 매일 같은듯. 방음이 잘 안됨
792,아리아 호텔,8.0,가성비 좋아요 대신 침대나 룸상태는 보통이었어요. 넘 큰 기대는 ㅠ 딱 가격만큼이었어요. 하지만 위치가 좋았고 바로 옆에 있는 제주오성의 은갈치조림이 무척 맛있었습니다.
793,아리아 호텔,10.0,"객실상태 양호했고, 직원들 모두 친절합니다 아침에 멀리서 일출을 보기 좋은 장소에 있네요.."
794,아리아 호텔,10.0,직원들이 친절하고 방도 넓고 깔끔했습니다. 위치도 매우 좋아서 다음에 제주도 가면 또 머물고 싶습니다.
795,아리아 호텔,10.0,2박 3일을 아리아호텔에서 머물렀는데 둘째날 깨끗하게 정리가 되어있어서 처음 들어온 것 같은 기분이 들었어요. 조식도 한끼로는 충분한 양이었습니다.
796,아리아 호텔,10.0,깔끔하고 위치가 중문 관광단지 바로 위라 매우 편했습니다
797,아리아 호텔,10.0,주변에 명소가 밀집 되어있고.. 객실도 조용하고 깨끗해서 좋았습니다
798,아리아 호텔,8.0,거울이 부족한거빼고는 굳입니다 굳 특히 카운터 언니들 너무 친절쓰하세욤ㅎㅎ
799,아리아 호텔,8.0,"깨끗하고 클래식한 룸이 맘에 들었어요. 중문 맥도날드 사거리와 가까와서 중문관광단지까지 걸어다니기도 했네요. 중문의 다른 고급호텔들과 거의 같은 위치인데 오션뷰에 욕조, 그리고 깔끔한 인테리어를 누릴 수 있어 좋았습니다. 주변에 식당도 많구요. 아이와 같이 가면 간식도 주시더라구요. 비가 왔었는데 우산도 빌려주셔서 잘 사용했습니다. 다만 한가지 불편했던 것은 타월이 너무 얇아 일회용이나 마찬가지 였는데 남편이 룸서비스를 마다했다는 것입니다. 2박이었는데요^^ 타월을 다시 받기는 했어요."
800,아리아 호텔,8.0,호텔이라는 기본에 충실한 곳
801,한화리조트 제주,6.0,그럭저럭이지만.. 시설이 너무 낙후된듯 합니다.
802,한화리조트 제주,10.0,아이들과 지내기 좋았습니다 무엇보다 공기좋고 산책하기 좋고~또오고싶네요!
803,한화리조트 제주,8.0,"가족 단위로 가기에 좋은 숙소 입니다. 오래되었지만 깨끗한 편이고, 조용합니다. 한라산 등산 계획하신다면 전후로 하루 이틀 묵기에 아주 좋을것 같습니다."
804,한화리조트 제주,2.0,예약할때는 욕조와 베드2개 온돌이불2개가있다고 나와있었는데 더블침대 1개만있고 욕조는 없었음
805,한화리조트 제주,8.0,친구들끼리 갔는데요. 생각보다 공항에서 거리가 떨어져있어서 접근성은 좋지 않았지만 그만큼 조용하고 아늑한 느낌의 리조트였어요. 전망은 골프장이 있어서 좋았어요. 골프 치시는 분들은 좋을 거 같고 퇴실할때 분리수거가 좀 번거롭더라구요. 침구 좋았고 자는 건 편안했어요.
806,한화리조트 제주,10.0,절물자연휴양림과 사려니숲길이 인근에 있어 숲길 좋아하는 분에게 적합한 숙박위치 입니다. 청소도 잘 해주시고 직원분들도 매우 친절합니다. 다만 제주도라는 특성에 맞게 조식은 기대에 미치지 못합니다. 욕실이 낡아서 좀 불안했지만 청결은 문제 없었습니다.
807,한화리조트 제주,4.0,침대불편 좁다
808,한화리조트 제주,8.0,화장실에 샤워기 거치가 안되었고요 와이파이뜬다했는데 연결 아예안되어서 없는거나 마찬가지였음 그 외의 것들은 괜찮
809,한화리조트 제주,8.0,생각했던것보다 방은 작습니다. 청소상태는 휼륭합니다. 사우나 너무 좋구요. 비데가 구비되어있는 화장실 희망합니다.
810,한화리조트 제주,10.0,깨끗하고 프론트 클리닝 GS25 편의점에서 일하시는 분들이 친절했어요. 그리고 제주 흑돼지 하는 파크가든 아주 좋았습니다.
811,한화리조트 제주,8.0,"가족단위 숙박은 좋으나, 레져, 문화시설이 너무 부족해요"
812,한화리조트 제주,6.0,위치가 별로예요. 산 중턱에 있어서 오고 가는 시간이 많이 걸려요. 그리고 이 사이트에서 예약하는 한국분들 조심하세요. 숙박비 외 해외수수료가 1만원 가까이 나온다는 점! 리조트 많으니 잘 비교해 보시고 가세요~
813,한화리조트 제주,8.0,전체적으로 만족할 만함니다. 시설이 좀 노후화 된점은 감안하시면 될듯 합니다.
814,한화리조트 제주,8.0,가격은 일반 리조트 가격 서비스는 한화를 아시는 분은 아는 서비스 호텔과 비교 시 방과 거실이 있어서 편히 쉼 다만 시설이 좀 노후가 되고 일반 공공화장실에도 설치되어있는 비데도 없는 쇼킹함!!
815,한화리조트 제주,8.0,난방이 잘 돼서 좋았어요. 화장실이나 방은 전체적으로 낡았는데 생활하는데 큰 불편함은 없었습니다. 베란다 문에 방충망이 없어서 문을 열어놓으니 벌레가 너무 많이 들어오더라구요. 방충망이 있었으면 좋겠습니다.
816,한화리조트 제주,10.0,다음에도 한화리조트 이용할거에요. 다른 리조트들과 다르게 리조트 내 모든 시설과 음식 가격이 적당하고 맛도 좋아요. 직원들도 친절해요. 수건을 하루 한장만 줘서 다음엔 여유분을 챙겨가려구요
817,한화리조트 제주,8.0,전반적으로 친절한 분위기입니다. 가족이 함께 하기에 좋네요.
818,한화리조트 제주,10.0,"전반적으로 만족. 3박 4일의 경우 수건만 지급되고, 방청소가 안됩니다. 따라서 연박의 경우 개인적으로 직접 청소해야 하는 번거로움 있습니다. 호텔이 아닌 리조트 특성상 어쩔 수 없는듯 합니다. 대가족이 두 객실 예약했는데, 통로로 연결된 객실 소개해 주셔서 편안하게 이용했습니다. 객실집기 관리상태가 좋지 않았습니다. 전기포트 뚜껑이 파손되어 있어서 뜨거운 물에 퐁당 빠졌습니다. 주변 자연명소를 가려면 좋지만 시내에 가려면 시간이 다소 걸리는 위치상 어려움 있습니다. 핸드폰이 잘 터지지 않는 어려움이 있습니다. 인터넷이 느리고 통화가 자주 끊깁니다."
819,한화리조트 제주,6.0,가족끼리 묶었는데 속초 한화보다 시설이 별로였어요. 한라산 가실 분들 아니면 큰 메리트는 없는 듯 합니다.
820,한화리조트 제주,10.0,리조트 주변에는 아무것도 없어서 불편했어요 그래도숙소는 깨끗하고 조용해서 좋았어요
821,한화리조트 제주,10.0,화장실 노후된것 빼고는 괜찮아요
822,한화리조트 제주,8.0,가격대비 품질은 우수합니다. 식당도 우수하고 단 온돌방이 좀 차가워 이의제기하니 이블를 더 주셨어요... 그리고 조식은 소셜로 예약하고 오면 비회원가격으로 예약해주네요(호텔스닷컴 포함) . 고깃집이 특히 맛있었고 편의점 및 오락시설이 너무 좋았습니다
823,한화리조트 제주,10.0,제주 가운데라 어딜 가더라도 위치는 좋습니다. 바다를 볼 수 없는게 아쉽지만 아주 가까이에 절물휴양림과 사려니숲길이 있어서 가족여행객들에게 추천합니다.
824,한화리조트 제주,8.0,비는 심하지 않았는데도 안개가 가득해 몇미터 앞도 보이지 않는 산길을 뚫고 가야 했습니다. 기상상황에 따라 가기가 무서운 위치가 되기도 할 듯 합니다. 방안이 많이 낡았더군요. 화장실이 오래되어서 청소와 상관없이 그닥 기분이 좋지는 않았습니다. 방이 두개로 나뉘어져 있어서 편했습니다. 작은 빨랫대가 있는 것도 유용했어요.
825,한화리조트 제주,8.0,전반적으로 깨끗하고 편했어요. 근데 잘때 좀 추웠어요.
826,한화리조트 제주,10.0,.
827,한화리조트 제주,8.0,깨끗한데 날파리가 좀 많았네요.... 아쉬웠어요
828,한화리조트 제주,10.0,장점: 1. 가성비 높음 2. 직원친절 3. 조용하고 안락 단점: 1.쓰레기 분리수거하는게 조금 번거로울수있음 2. 조식 가격이 올랐지만 퀄리티는 쏘쏘
829,한화리조트 제주,6.0,"거실 청결상태/욕실 청결 상태 좋지 않습니다. 거실 바닥에는 이전 투숙객이 다녀온 모래사장의 추억이 강하게 느껴집니다. 욕실 찝찝하고 환기가 전혀 되지 않았습니다. 퇴실 안내를 보면, 설겆이 깨끗하게 해라, 분리수거 해라 등 매너를 강조하던데, 막상 리조트 청결 상태 정말 메너 없습니다. 아울러, 조식당 & 주차장 자리 부족해서 늦게 오면 자리 없습니다. 피크 시즌에 리조트를 이용할 경우 일찍 일어나서 아침 식사 하고 일찍 복귀하는 바른 생활을 추전합니다. 리조트 내 편의점 직원의 친절에 감사하며 서비스 부분 점수 후하게 드립니다."
830,한화리조트 제주,10.0,너무 좋았습니다. 두번째 방문이 였어요~ 주변에 은근 갈곳 많고 사우나가 있어서 저녁에 밥먹고 탕에 들어갔다오면 피곤함이 눈 녹듯 풀려서 너무 좋았습니다.
831,한화리조트 제주,10.0,만족
832,한화리조트 제주,10.0,4인가족이가서 편안하게 지내고 왔습니다. 보일러 온도 조절이 안되서 너무 더웠지만 깨끗하고 친절해서 좋았네요. 외진곳에 자리하지만 편의점 식당등이 자리하고 있어서 불편하지 않았습니다. 다만 안개가 짙은날 찾아가려니 조금 무섭더군요. 그래서 밤에 차를 타고 이동하는 것은 자제했습니다. 조식 메뉴가 많지는 않지만 맛있네요. 전반적으로 만족스러웠습니다.
833,한화리조트 제주,8.0,첫날1박땐 룸 청결도 별로였고.. 직원들 실수때문에 실망했음. 바로 건의하여.. 룸 체인지와..지배인의 사과로.. 남은일정 2일은 잘 묵고 잘놀고. 체크아웃~~♡
834,한화리조트 제주,10.0,전반적으로만족합니다..객실내등은좀교체해주셨음합니다^^
835,한화리조트 제주,10.0,조식도 좋고 가족과 쾌적하게 잘 다녀왔습니다
836,한화리조트 제주,8.0,복잡하고 정신없으나깨끗함 산으로 너무 올라가서 시내에서 멀어 교통상 별로임. 음식가격이 너무 비싸다
837,한화리조트 제주,8.0,"시설이 오래되긴 했지만, 전체적으로 만족합니다."
838,한화리조트 제주,10.0,체크인부터 친절함에 기분 좋게 이용했습니다
839,한화리조트 제주,10.0,한라산 기슭에 위치해 매우 조용하고 한라산과 바다가 같이 보이는 환상적인 뷰입니다. 객실은 상당히 아늑하고 따뜻해서 2박동안 가족 모두가 만족한 최고의 숙소입니다. 또한 리조트 자체의 정원도 아름답고 산책길이 있어 저녁 먹고 산책하기 너무 좋았습니다.
840,한화리조트 제주,8.0,전체적으로 리조트가 오래되서인지 욕실이 많이 오래되어 보였어요. 그래서 사우나 이용... 사우나도 좁더라고용.. 가족끼리가서 편안히 쉬고 왔는데요. 산속에 조용히 있어서 좋았어요. 딱 초중고등학교 수학여행으로 가면 좋을거 같아용. 그래서 그런지 단체 초딩이 많이 보였어요!!
841,한화리조트 제주,10.0,전체적으로 정말 만족하고 좋았는데 방 관리 상태가 오래되고 개선이 안되어 있어보이면서 테이블이 오래되보이고 바닥의 가장자리에 먼지가 눈에 보여 아쉬웠어요
842,한화리조트 제주,8.0,숙소는 깔끔하고 방도 두개라 좋았습니다. 다만 서관 2층 끝방에 숙박했는데 고객센터쪽 방인데 저녁부터 펍이 오픈해서 노래소리가 시끄러웠습니다.
843,한화리조트 제주,8.0,가격 대비 시설은 좋았습니다. 위치도 골프장 옆이라 조용하고. 다만 어디 나가려면 한참 가야하네요. 그래도 굿굿
844,한화리조트 제주,6.0,"화장실이 정말 최악이었네요. 수건도 아주얇은것 4장에 샤워헤드는 너무 오래되서 금가고 구멍도 막혀 물이 옆으로 새고 삐져나가고..샤워커튼이 없어 샤워할때 세면대 화장지 모두 물에젖고..욕조, 타일도 오래되서 화장실은 모텔보다 더 못한 현실.."
845,한화리조트 제주,6.0,1. 객실은 매우 낙후 - 향후 이용 계획 없음 2. 콘도라서 새벽까지 들리는 다른 객실 떠드는 소리와 아이들 뛰어다니는 소리 - 잠을 잘 수 없음 3. 체크인 시간이 기다려진 숙박
846,한화리조트 제주,8.0,방도 크고 산책로도 좋음 리조트내에 거의 머든 시설이 있어서 나갈필요가 없을정도 조용히 휴식하기 좋음 단.. 방에서 조금 이상한 냄새가 남..
847,한화리조트 제주,10.0,"친절, 깔끔한 편. 나름 좋았어요~~ 주변에 암것도 없어서 조용히 힐링하기 좋아요~~"
848,한화리조트 제주,6.0,갑자기 눈이 많이와서 숙소까지 왔다갔다 하는 길이 불편했네요
849,한화리조트 제주,4.0,눈이 많이 왔었는데 적어도 진입로는 제설해주어야 하는거 아닌가요? 전혀 나몰라라 하는 분위기. 차라리 진입로를 벗어나면 제설차량들도 있고 제설도 일정정도 되는 것 같은데 한화리조트 진입로만 들어서면 완전 딴세상. 미끄러지고 덜덜덜... 제설해주세요. 그리고 리조트 주변을 완전히 지배하는 고약한 악취. 음식물 쓰레기 냄새 같은데 실외만 나가면 어디서나 그런 악취가 진동을 합니다. 이에 대해서도 아무런 조치가 없네요. 하다못해 왜 이런 냄새가 나는지 변명이라도 좀 해 주던지. 다음엔 가고싶지 않네요.
850,한화리조트 제주,8.0,"패밀리 온돌형 1층에서 숙박했습니다. 객실자체가 많이 노후된 느낌이고 실상 베란다문도 고장나서 잠기지않고 방문도 잠글수 없는 형태라 엄마는 좀 불안하셨데요. 조식은 기대이상이었고, 전형적인 리조트의 모습이라 진입로와 로비의 분위기는 맘에 들었습니다."
851,제주 플라야,8.0,가성비는 최고 입니다. 딱 그게 끝입니다. 조식은 되도록이면 근처 식당 이용하시는게 맛과 가격 모두 나으실 겁니다. 층간 소음이 심했던 건 윗층이 비매너였던거지만... 이 가격에 온수풀은 어디 가서도 못 볼겁니다~
852,제주 플라야,10.0,"숙소 위치와 깨끗한 청결상태가 정말 마음에 들었던 숙소입니다! 창문을 열면 범섬이 보이는 뷰이고, 매일 아침산책을 나갈 정도로 법환동 주변풍경이 정말 이쁩니다. 편의점이 근처에 있고, 서귀포 이마트도 비교적 가까운 거리에 있어서 좋았습니다. 숙소 내부는 정말 깨끗했으며, 호텔을 생각나게 하는 청결도 였습니다. 비치된 샴푸, 린스, 바디워시도 괜찮아서 잘 사용했습니다. 4월이라 오후 3시부터 수영장 사용이 가능해서 딱 한번 이용했지만, 성수기에는 많은 사람이 이용할것 같습니다. 조식은 매일 똑같은 메뉴라 아쉽지만, 맛있게 잘 먹었습니다. ^^"
